{"benchmarks": [[41.75949076004326, 41.21506332885474, 40.96807543002069, 41.078743253136054, 41.167987121036276, 41.480628282995895, 41.13085005991161, 41.184528880985454, 41.23254606500268, 41.193444695090875], [82.75881906808354, 82.58248400106095, 83.90795188304037, 82.71951898979023, 83.06613195408136, 82.97139573516324, 82.38891576207243, 81.82685866113752, 82.04290715092793, 81.57774500199594], [154.0935438289307, 153.4956264900975, 153.59474904183298, 153.8694430598989, 153.41921691596508, 153.96201199106872, 149.99049399490468, 151.3161523330491, 151.26348013803363, 151.55570269795135], [305.34396807895973, 306.95208518300205, 298.07134977402166, 301.3467180260923, 313.4682120489888, 296.83424356300384, 296.7863304009661, 296.771965021966, 295.5083584447857, 296.7004715921357], [631.2468664248008, 634.000548069831, 630.2484020721167, 633.1737544799689, 627.9855869170278, 628.3007144129369, 626.7358241621405, 625.470854053041, 624.5941086281091, 623.2029133769684], [1282.9920148539823, 1334.9427343718708, 1288.1807165818755, 1307.2752232688945, 1300.198276382871, 1295.0904786798637, 1310.7553520242218, 1302.5537449419498, 1300.1557267280295, 1291.590428299969], [2632.4539626850747, 2620.162116182968, 2626.1670932890847, 2645.0247293608263, 2661.6700388242025, 2638.772421104135, 2704.066991247004, 2619.8841528608464, 2645.301785167074, 2629.885069919983]], "medians": [41188.986788038164, 82651.00149542559, 153457.4217030313, 297452.79666851275, 628143.1506649824, 1300177.0015554503, 2635613.191894605], "lengs": [10.0, 21.544346900318832, 46.41588833612778, 100.0, 215.44346900318823, 464.15888336127773, 1000.0]}