{"benchmarks": [[41.26219359302195, 40.083780456043314, 39.53885298001114, 39.43491663096938, 39.57323354796972, 39.50866228999803, 39.843891398981214, 39.702981716021895, 39.473409249971155, 39.48089608200826], [79.52754801599076, 79.46078487695195, 79.1417638619896, 79.08430082100676, 79.55948694096878, 79.20860819402151, 79.29338278301293, 79.3980126400129, 79.18496464303462, 79.42080489301588], [149.05328531900886, 149.18584133201512, 148.92800003901357, 149.41411252098624, 150.08600984996883, 150.95229917700635, 148.8833271819749, 149.3507475280203, 148.85850014805328, 151.5833723479882], [297.4102186750388, 297.04529561300296, 295.85441658104537, 294.1799710429623, 300.17602235497907, 301.85823149001226, 296.51536455599125, 298.40176213899394, 295.69859747501323, 296.3381432520109]], "medians": [39556.04326399043, 79345.69771151291, 149268.2944300177, 296780.3300844971], "lengs": [10.0, 21.544346900318832, 46.41588833612778, 100.0]}