{"benchmarks": [[0.6328778399911243, 0.3246699820156209, 0.32450399300432764, 0.38870348400087096, 0.36029303300892934], [1.5144044940243475, 1.4496881289815065, 1.4187179610016756, 1.3654567859775852, 1.4214834330196027], [8.032037529017543, 8.070237448991975, 8.119428734004032, 7.9721247180132195, 7.991537681984482], [38.356150401989, 37.77978520799661, 37.846631383989006, 38.004973868024535, 38.39538474800065]], "medians": [360.29303300892934, 1421.4834330196027, 8032.037529017543, 38004.973868024535], "lengs": [10.0, 46.41588833612778, 215.44346900318823, 1000.0]}