{"benchmarks": [[0.7441097549162805, 0.3842386540491134, 0.34685189207084477, 0.3263575218152255, 0.35779537400230765], [1.4625029880553484, 1.34461354999803, 1.3751277311239392, 1.3122591690625995, 1.4379424680955708], [7.4990042061544955, 8.118223946075886, 8.106788937933743, 8.222408361034468, 7.800770098110661], [37.815051374956965, 37.329596168128774, 37.82671786402352, 38.52771031903103, 37.926530964206904]], "medians": [357.79537400230765, 1375.1277311239392, 8106.788937933743, 37826.71786402352], "lengs": [10.0, 46.41588833612778, 215.44346900318823, 1000.0]}