{"benchmarks": [[0.6429877390037291, 0.5994804250076413, 0.5975591640453786, 0.5966601959662512, 0.5960420580231585, 0.5848785670241341, 0.5810173409990966, 0.5938131539733149, 0.5749118739622645, 0.5778613269794732], [3.342712573008612, 3.3280963060096838, 3.310854961979203, 3.2784393560141325, 3.3097997430013493, 3.3177530060056597, 3.3041411680169404, 3.3191353699658066, 3.310507937974762, 3.3105830139829777], [30.287868248997256, 30.434116952994373, 30.772758410021197, 30.813112996984273, 30.70065152097959, 30.711117074009962, 30.780545393005013, 31.145140615990385, 30.783615028019994, 30.780979508010205]], "medians": [594.9276059982367, 3310.7189879810903, 30776.651901513105], "lengs": [10.0, 100.0, 1000.0]}