{"benchmarks": [[3.1380802190396935, 3.1591938049532473, 3.1004832229809836, 3.1105172960087657, 3.112695140996948, 3.15299179404974, 3.094747104914859, 3.1094659669324756, 3.1264853520551696, 3.119761109002866], [20.11981055396609, 20.162437760969624, 20.08950292202644, 20.144879976985976, 20.119990109000355, 20.034967017942108, 20.171276179957204, 20.51943141897209, 20.337937774020247, 20.27150868298486], [192.1424872620264, 192.08953078102786, 172.48185620899312, 192.50329215591773, 194.66829016804695, 192.0896157369716, 172.8227702040458, 191.41835070506204, 192.22670343704522, 194.24001296400093]], "medians": [3116.228124999907, 20153.6588689778, 192116.051499499], "lengs": [10.0, 100.0, 1000.0]}