{"benchmarks": [[1.404946738970466, 1.3640721599804237, 1.3694461800623685, 1.3580137740354985, 1.361859904951416, 1.3574456541100517, 1.360878049978055, 1.355108359013684, 1.3725247329566628, 1.3487183640245348], [9.507707061013207, 9.519612059928477, 9.541387708042748, 9.491050719982013, 9.49047530896496, 9.508595769992098, 9.561789654078893, 9.498782580019906, 9.5008559320122, 9.543528498033993], [88.0711444800254, 90.97035402897745, 91.50271524803247, 93.61582920502406, 91.27513977198396, 91.01564937096555, 93.35463240300305, 92.38978614204098, 90.04691294301301, 90.98877631803043]], "medians": [1361.3689774647355, 9508.151415502653, 91145.39457147475], "lengs": [10.0, 100.0, 1000.0]}