{"benchmarks": [[1.1680942059028894, 0.6968934680335224, 0.69886918598786, 0.6761401849798858, 0.6521520130336285, 0.6602193950675428, 0.667732261121273, 0.6581726691219956, 0.6678501849528402, 0.6600126409903169], [4.290710578206927, 4.315635344013572, 4.291840963065624, 4.335189293837175, 4.292181384051219, 4.277796498965472, 4.262714169919491, 4.329732029000297, 4.3409394070040435, 4.3312050241511315], [40.652620050124824, 40.551655194023624, 38.760787432082, 40.467747719958425, 40.74925677804276, 40.19300391082652, 40.49054961418733, 40.376591064967215, 40.31066161999479, 40.62493697996251]], "medians": [667.7912230370566, 4303.908364032395, 40479.14866707288], "lengs": [10.0, 100.0, 1000.0]}