{"benchmarks": [[2.2357799687888473, 2.18471297994256, 2.19770511216484, 2.180229946039617, 2.209998751990497, 2.1923884900752455, 2.1954434788785875, 2.196436162106693, 2.1995975009631366, 2.1853640729095787], [14.77243225905113, 14.860029586125165, 14.868520725984126, 14.925978770945221, 14.964963317848742, 14.863349450053647, 14.920883216895163, 14.869372111046687, 14.900052502984181, 14.890237625921145], [141.57394442311488, 141.05394616094418, 135.385292485822, 140.80438216705807, 139.36908380012028, 140.70966312894598, 140.1711654041428, 127.87624255917035, 140.5164926990401, 139.81951198983006]], "medians": [2195.93982049264, 14879.804868483916, 140343.82905159146], "lengs": [10.0, 100.0, 1000.0]}