{"benchmarks": [[1.5269079740101006, 0.30927719999453984, 0.3039989760145545, 0.29452539500198327, 0.27703039499465376, 0.27696765802102163, 0.2772298500058241, 0.2786147749866359, 0.2816239279927686, 0.2809802249830682], [0.33639178998419084, 0.3285816620045807, 0.3321916149870958, 0.34323860000586137, 0.3446272709988989, 0.3410724949790165, 0.3342521360027604, 0.3334803699981421, 0.3401242810068652, 0.34966453100787476], [0.5079486460017506, 0.5075796699966304, 0.5037621869996656, 0.5095140379853547, 0.5067514749825932, 0.5021896100079175, 0.501876752008684, 0.5097387029964011, 0.5185956639761571, 0.5091413229820319], [1.0220979980076663, 1.0130961849936284, 1.0109709040261805, 1.020184689987218, 1.0223555140255485, 1.0353793429967482, 1.0144045949855354, 1.037153481011046, 1.0275161390018184, 1.0224892770056613], [2.6984538969991263, 2.678786480013514, 2.691917100979481, 2.698010986990994, 2.6730920239933766, 2.692062829999486, 2.702096902008634, 2.679306591016939, 2.702852725982666, 2.7084607680153567], [7.909752509993268, 8.257581605983432, 7.941697390022455, 7.889686390000861, 7.808574208000209, 7.92104536597617, 7.9348879600001965, 7.913104277016828, 7.899432820995571, 7.869608895998681], [24.465629452985013, 24.60317378101172, 24.393197463999968, 24.749413837998873, 24.692697023012443, 24.46189953200519, 24.585433792992262, 24.565488856984302, 25.539150963013526, 24.524756858008914], [73.72121422199416, 75.73210522299632, 79.83043034200091, 76.50263445801102, 76.1989188969892, 76.36909688598826, 76.64772233300027, 77.2284800769994, 72.25035601400305, 76.10515422798926], [241.57676495300257, 249.92519359500147, 242.82593226397876, 240.6143730019976, 228.63930174900452, 241.83735418401193, 238.9518079069967, 242.05608498200309, 242.49191808799515, 227.75330181399477]], "medians": [281.3020764879184, 338.258035495528, 507.7641579991905, 1022.2267560166074, 2695.03690849524, 7911.428393505048, 24575.461324988282, 76284.00789148873, 241707.05956850725], "lengs": [10.0, 31.622776601683796, 100.0, 316.2277660168379, 1000.0, 3162.277660168379, 10000.0, 31622.776601683796, 100000.0]}