{"benchmarks": [[0.7682114310446195, 0.7219160419772379, 0.7130814719712362, 0.7314900690107606, 0.7426380789838731, 0.7593162730336189, 0.74382804997731, 0.7112375689903274, 0.7175644459784962, 0.736106300028041], [4.487229074991774, 4.497832747991197, 4.390371460001916, 4.47981119400356, 4.450667730008718, 4.524719147011638, 4.460601830040105, 4.484900347015355, 4.482362739974633, 4.4597950159804896], [42.147035424015485, 42.01406744198175, 41.953236525994726, 42.1454822300002, 42.0191863309592, 39.73352934594732, 41.74156642600428, 42.10609849600587, 41.82430475502042, 41.77573154302081]], "medians": [733.7981845194008, 4481.086966989096, 41983.65198398824], "lengs": [10.0, 100.0, 1000.0]}