{"benchmarks": [[1.8067797559779137, 1.7966277480591089, 1.762139556929469, 1.7757511478848755, 1.7676836149767041, 1.7549151389393955, 1.7878026680555195, 1.766500917961821, 1.7857222820166498, 1.797442055074498], [12.20969150122255, 12.129320274107158, 12.175485713873059, 12.16257018595934, 12.273829779122025, 12.198550099041313, 12.200616139918566, 12.195978058036417, 12.23376643192023, 12.143167426111177], [116.58173025399446, 116.2607709071599, 115.30233693984337, 110.63645823905244, 116.33761371206492, 115.96068956819363, 121.22051412798464, 116.33246513595805, 116.64446421386674, 105.65427932608873]], "medians": [1780.7367149507627, 12197.264078538865, 116296.61802155897], "lengs": [10.0, 100.0, 1000.0]}