{"benchmarks": [[1.7943572759395465, 1.7671117880381644, 1.7649885430000722, 1.7605735990218818, 1.7711263570236042, 1.775528991012834, 1.7804586590500548, 1.7757957249414176, 1.7634025380248204, 1.7690208839485422], [12.22164151200559, 12.320944963023067, 12.49636702099815, 12.275228140992112, 12.280809257063083, 12.082983897067606, 12.211590333026834, 12.264033118961379, 12.184675354976207, 12.335191925987601], [117.00604410399683, 116.62426171894185, 116.5974970930256, 116.6576711529633, 106.36645727895666, 116.66759813891258, 116.56653214094695, 116.50186735007446, 116.73826668900438, 117.75215814297553]], "medians": [1770.0736204860732, 12269.630629976746, 116640.96643595258], "lengs": [10.0, 100.0, 1000.0]}