{"benchmarks": [[2.6963274979498237, 2.6296817699912935, 2.6479913010261953, 2.6469754450954497, 2.6299061509780586, 2.6437105489894748, 2.651072615990415, 2.665780361974612, 2.6560754429083318, 2.6694845801685005], [17.543572244001552, 17.602647816063836, 17.54844550578855, 17.45698092202656, 17.526462520007044, 17.68546877289191, 17.45113615086302, 17.450956837041304, 17.483456645859405, 17.369371582986787], [152.09817315079272, 166.00049484497868, 165.2663685171865, 165.3770870009903, 149.71406658994965, 166.18928449298255, 164.55768186692148, 165.24896691413596, 150.13674309919588, 165.02168885292485]], "medians": [2649.5319585083053, 17504.959582933225, 165135.3278835304], "lengs": [10.0, 100.0, 1000.0]}