{"benchmarks": [[1.123267242219299, 0.32323501096107066, 0.31375986081548035, 0.29495974513702095, 0.28988322289660573, 0.2859007369261235, 0.2879479010589421, 0.28131685592234135, 0.2826757209841162, 0.28221912402659655], [0.33280722284689546, 0.33271067193709314, 0.33705115783959627, 0.3408038450870663, 0.337274766061455, 0.33218405093066394, 0.3360162670724094, 0.3319814580027014, 0.3288684559520334, 0.3377868910320103], [0.502823119983077, 0.5024005100131035, 0.4976513080764562, 0.49763448699377477, 0.49898667400702834, 0.49494750099256635, 0.5239820939023048, 0.4946635807864368, 0.5091376821510494, 0.506492393091321], [1.0113512240350246, 1.0478069139644504, 1.050498679978773, 1.0149605269543827, 1.0470026610419154, 1.0148282940499485, 1.0198434789199382, 1.0228282851167023, 1.0206977061461657, 1.0159585590008646], [2.6716017201542854, 2.830501292133704, 2.676877695834264, 2.711504544131458, 2.690071121091023, 2.6866118561010808, 2.706590255955234, 2.6893665350507945, 2.700919416034594, 2.71003640582785], [8.26665128604509, 7.923096431884915, 7.983537480002269, 7.89195134001784, 7.896844033151865, 7.870425944915041, 7.9237720631062984, 7.931755413068458, 8.086105582071468, 7.993161038029939], [24.54878515494056, 24.292291247984394, 24.084013425046578, 24.758549111895263, 25.223627917002887, 24.599108837079257, 26.710006800014526, 24.406761256046593, 25.66197977401316, 24.71742030698806], [76.16340707009658, 76.46775327599607, 76.91651232214645, 77.13496039411984, 80.71719419909641, 74.03527939296328, 76.58472980791703, 76.52094507403672, 76.59554457105696, 76.87097245804034], [241.28191483789124, 231.4166098490823, 253.13374749012291, 238.26642177579924, 243.04699936695397, 240.79598730592988, 229.42728767287917, 240.25849617901258, 240.05922643095255, 238.7609867369756]], "medians": [288.9155619777739, 334.4117449596524, 500.6935920100659, 1020.270592533052, 2695.4952685628086, 7927.763738087378, 24658.26457203366, 76590.137189487, 240158.86130498257], "lengs": [10.0, 31.622776601683796, 100.0, 316.2277660168379, 1000.0, 3162.277660168379, 10000.0, 31622.776601683796, 100000.0]}