{"benchmarks": [[0.577951718994882, 0.5169983389787376, 0.532424570992589, 0.5179445679532364, 0.522130754950922, 0.5179410770069808, 0.5119126530480571, 0.5399407360237092, 0.5130904990364797, 0.5159950489760377], [2.754349874041509, 2.7641685709822923, 2.7624791780253872, 2.7455149849993177, 2.759495122998487, 2.7614955920143984, 2.7609571749926545, 2.766140052000992, 2.762812572007533, 2.7552036739652976], [25.115307180967648, 25.344231564027723, 25.072392313042656, 24.495147825975437, 24.201651928015053, 25.20319033396663, 25.172686503035948, 25.297375149966683, 25.219895604997873, 25.508594168000855]], "medians": [517.9428224801086, 2761.2263835035264, 25187.93841850129], "lengs": [10.0, 100.0, 1000.0]}