{"benchmarks": [[1.0233501261100173, 0.9922964768484235, 0.9923084429465234, 0.9922709059901536, 0.9876823797821999, 0.9959617969579995, 0.986515813972801, 0.9816450260113925, 0.9783021949697286, 0.9812323621008545], [2.2611822069156915, 2.2534432040993124, 2.2593780730385333, 2.272338850190863, 2.2762328810058534, 2.2405516551807523, 2.27006510598585, 2.2372862610500306, 2.2448507479857653, 2.252632735995576], [6.282074261922389, 6.3022932768799365, 6.212010867195204, 6.225702256895602, 6.225417895009741, 6.228531864937395, 6.30634025298059, 6.2629378088749945, 6.2443531369790435, 6.252205776982009], [18.906101732049137, 18.831932144006714, 18.88744037784636, 18.868875463027507, 19.06078316201456, 18.958810601150617, 18.820518759079278, 18.90829529496841, 18.972395332995802, 19.025008392054588], [58.96185016911477, 54.81998760602437, 58.599488373845816, 58.68927523586899, 58.55261097592302, 58.51864835782908, 58.65740793803707, 58.64247726183385, 58.96848834911361, 58.630872333887964], [177.75104090594687, 184.9640274818521, 185.56868355511688, 184.59865100402385, 165.69259209209122, 185.69656408508308, 187.49156316090375, 175.75549897109158, 184.83073203498498, 184.54615929210559], [535.953299096087, 546.4109881760087, 559.7509894289542, 565.2192177069373, 578.0654633489903, 580.9777302760631, 590.8460458621848, 591.7343921270221, 517.1084803009871, 531.2997341060545]], "medians": [989.9766428861767, 2256.410638568923, 6248.279456980526, 18907.198513508774, 58636.674797860906, 184714.6915195044, 562485.1035679458], "lengs": [10.0, 31.622776601683796, 100.0, 316.2277660168379, 1000.0, 3162.277660168379, 10000.0]}