{"benchmarks": [[1.4161675639916211, 1.3663971049245447, 1.3686563700903207, 1.3909420939162374, 1.361966362921521, 1.367995847016573, 1.373067240929231, 1.3750774760264903, 1.3779028828721493, 1.3743879210669547], [9.77323015104048, 9.672572976909578, 9.708662892924622, 9.696875592926517, 9.679925324162468, 9.603647458134219, 9.697917795972899, 9.691710242070258, 9.612717167008668, 9.764656524872407], [91.83331642695703, 92.18786728591658, 85.64354790817015, 92.15498726302758, 92.31746182614006, 92.19673185609281, 92.4889790341258, 94.0566049569752, 92.7040223821532, 84.2858220168855]], "medians": [1373.727580998093, 9694.292917498387, 92192.2995710047], "lengs": [10.0, 100.0, 1000.0]}