{"benchmarks": [[0.6986207729787566, 0.6706155529827811, 0.674332085007336, 0.6473133209510706, 0.6984842249657959, 0.6488027190207504, 0.6666446989984252, 0.6337168219615705, 0.6478516409988515, 0.6702259539742954], [3.916826108004898, 3.8812756510451436, 3.910575130954385, 3.928238764987327, 3.905684155994095, 3.893692245997954, 3.9313640169566497, 3.905690413026605, 3.919235879962798, 3.8328598919906653], [36.206519995001145, 35.31307892902987, 36.51274428103352, 36.27290910901502, 35.94662646797951, 36.18003387300996, 36.1612913350109, 36.26125314104138, 36.17823215498356, 36.11851773504168]], "medians": [668.4353264863603, 3908.132771990495, 36179.13301399676], "lengs": [10.0, 100.0, 1000.0]}