{"benchmarks": [[0.4821839510113932, 0.4436932500102557, 0.43810324097285047, 0.44422364403726533, 0.44240019196877256, 0.4595001130364835, 0.45196936995489523, 0.4492104649543762, 0.43717660498805344, 0.4377873439807445], [2.2289915799628943, 2.236862054967787, 2.2245105609763414, 2.225512779026758, 2.224223767989315, 2.230945363990031, 2.2681111329584382, 2.249209914007224, 2.227924281032756, 2.2422948559978977], [19.9826353249955, 19.878819348989055, 19.892560773994774, 20.000729624996893, 19.82525999500649, 19.898912646982353, 20.055088584020268, 20.12027373496676, 20.21818148798775, 20.01525162800681]], "medians": [443.9584470237605, 2229.9684719764628, 19991.682474996196], "lengs": [10.0, 100.0, 1000.0]}