{"benchmarks": [[2.235912573058158, 2.1603958880295977, 2.200768745969981, 2.2009019799297675, 2.228978466009721, 2.225298181991093, 2.212382181896828, 2.2104562560562044, 2.228232868015766, 2.2126939320005476], [15.005152971949428, 15.043245066073723, 15.008347283001058, 14.975707610952668, 14.990976726985537, 14.95337721297983, 14.680292303906754, 14.99494438804686, 15.125122731085867, 15.102340836077929], [128.24189224897418, 143.66273245902266, 142.92186556302477, 142.67805336904712, 143.012947785086, 134.4000976869138, 143.8315009099897, 142.59024613094516, 143.1158675099723, 141.13427068491]], "medians": [2212.538056948688, 15000.048679998145, 142799.95946603594], "lengs": [10.0, 100.0, 1000.0]}