{"benchmarks": [[1.4123329580761492, 0.6925315120024607, 0.6958344979211688, 0.6775397500023246, 0.6646983469836414, 0.670735253021121, 0.6880348179256544, 0.6757357229944319, 0.6754109819885343, 0.6707749100169167], [4.345329010044225, 4.316032484988682, 4.267299290979281, 4.305517091997899, 4.2964376989984885, 4.30049340298865, 4.297320571960881, 4.28266192402225, 4.278418208006769, 4.268520672922023], [40.95978118095081, 40.45855490700342, 40.910466036060825, 40.67080078308936, 40.751335344975814, 40.5692914519459, 40.49862122500781, 41.10696291399654, 40.546161209000275, 40.32023049693089]], "medians": [676.6377364983782, 4296.879135479685, 40620.04611751763], "lengs": [10.0, 100.0, 1000.0]}