{"benchmarks": [[1.1459140200167894, 0.3396769649698399, 0.3292181600118056, 0.3248230519820936, 0.3051099510048516, 0.30915967701002955, 0.315945929964073, 0.30776161199901253, 0.30847833899315447, 0.31146501697367057], [1.130371221981477, 1.1184574020444416, 1.1207962660118937, 1.1184046950074844, 1.1050384319969453, 1.1177345350151882, 1.1464084690087475, 1.1247542349738069, 1.1255355570465326, 1.1335404369747266], [9.169712567003444, 9.228337627020665, 9.277229527011514, 9.178055073018186, 9.2103510669549, 9.222811367013492, 9.157853537995834, 9.224220065982081, 9.227465633011889, 9.207806224003434]], "medians": [313.7054734688718, 1122.7752504928503, 9216.581216984196], "lengs": [10.0, 100.0, 1000.0]}