{"benchmarks": [[3.186918088933453, 3.1401031520217657, 3.125355971045792, 3.1745037480723113, 3.171031445963308, 3.1382336979731917, 3.114797039888799, 3.147211769130081, 3.1474942350760102, 3.161642803112045], [20.425566568039358, 20.43299901112914, 20.230912340106443, 20.061543892137706, 20.12512475415133, 20.39281749096699, 20.44952263799496, 20.284456555964425, 20.376294400077313, 20.46549957920797], [185.76802811399102, 192.28584992396645, 191.36981103895232, 189.94716348010115, 165.84621661691926, 189.02899039397016, 188.5779643028509, 180.9312670759391, 189.3316435641609, 191.96462078788318]], "medians": [3147.3530021030456, 20384.555945522152, 189180.31697906554], "lengs": [10.0, 100.0, 1000.0]}