{"benchmarks": [[1.0233333210053388, 0.9813315790088382, 0.9755469719821122, 0.9653405000281055, 0.9813224079844076, 0.963888753001811, 0.9821926129807252, 0.9718276750063524, 0.9757585829938762, 0.97030536600505], [2.2845739879994653, 2.28782205900643, 2.2591478989925236, 2.261432227009209, 2.271892222983297, 2.24338625499513, 2.250378957018256, 2.24546990901581, 2.244479773013154, 2.2574074319854844], [6.2474926649883855, 6.32403365598293, 6.23696802102495, 6.240268208988709, 6.272319966985378, 6.261967129976256, 6.302356253989274, 6.329870518995449, 6.2753443279943895, 6.2822640239901375], [19.229956727998797, 19.161032690986758, 19.048270325991325, 19.08108381999773, 19.268716527003562, 19.920198106992757, 19.397248733002925, 19.212227327021537, 19.10559371599811, 19.397779830993386], [58.5856190759805, 58.27538208299666, 59.72205545799807, 59.46890182001516, 59.97903190800571, 60.009825262997765, 59.851035700994544, 59.50549186300486, 59.60998554399703, 59.75836804800201], [178.4171032239974, 188.19720255499124, 189.5612340689986, 181.4768144869886, 187.90944711200427, 188.87862175397458, 185.65910215300391, 188.48193392399116, 188.51312857097946, 188.21513521199813], [519.2490960609866, 530.536244672985, 541.2272957790119, 551.0714817979897, 552.9103378750151, 556.8838830050081, 562.5409881520027, 566.2336777739984, 567.4617783360009, 570.8716322899854]], "medians": [975.6527774879942, 2258.277665489004, 6273.832147489884, 19221.092027510167, 59666.02050099755, 188206.16888349468, 554897.1104400116], "lengs": [10.0, 31.622776601683796, 100.0, 316.2277660168379, 1000.0, 3162.277660168379, 10000.0]}