{"benchmarks": [[2.7039227860514075, 2.655902531929314, 2.6477048519300297, 2.6573846481041983, 2.6541948169469833, 2.6487705329200253, 2.6503065469441935, 2.657941685989499, 2.668418360990472, 2.6514190000016242], [17.26112398598343, 17.52579870505724, 17.465929197031073, 17.46641831402667, 17.366456701071, 17.457493902998976, 17.52329296292737, 17.459575701970607, 17.456614383030683, 17.562885942985304], [145.97538780292962, 165.16082480410114, 165.3052734960802, 162.99334701301996, 161.29797187901568, 167.4137347029755, 165.9425993770128, 165.81363350898027, 164.3409369989531, 152.4885816660244]], "medians": [2655.0486744381487, 17462.75244950084, 164750.88090152713], "lengs": [10.0, 100.0, 1000.0]}