{"benchmarks": [[11.567003177013248, 9.573316856985912, 9.393923989031464, 9.484384064096957, 9.527733646798879, 9.486156278988346, 9.492046759929508, 9.472866429947317, 9.436338614905253, 9.458891816204414], [12.20459645590745, 12.287547949934378, 12.183631350984797, 12.215115654980764, 12.210941158002242, 12.201646097935736, 12.153207265073434, 12.170905743958429, 12.187345499871299, 12.163971887901425], [16.34458274091594, 16.433372513158247, 16.413440180011094, 16.438047253061086, 16.363862411119044, 16.47990425885655, 16.416563072940335, 16.357634721091017, 16.410066412994638, 16.52433678903617], [24.938707238063216, 24.80265447916463, 24.926194199128076, 24.824695606948808, 24.9600516599603, 25.00711801694706, 25.02281203214079, 24.96259580203332, 24.82954859500751, 24.914621110074222], [42.90782808791846, 43.17772985808551, 43.027058199979365, 43.146112421061844, 43.159241426037624, 43.08320136507973, 42.924635083880275, 43.11869280482642, 43.09545338805765, 43.12966445204802], [82.30476885894313, 82.43181740306318, 82.02154108299874, 82.25674181501381, 82.30820326390676, 82.41054173908196, 82.53764374298044, 82.27111874287948, 82.27400910295546, 82.6283133761026], [164.76745469495654, 166.63695080205798, 167.50287130498327, 167.17852770490572, 163.78370551485568, 166.86096980283037, 167.14764920412563, 167.00484294001944, 166.75283377896994, 166.6133453110233]], "medians": [9485.270171542652, 12194.495798903517, 16415.001626475714, 24932.450718595646, 43107.073096442036, 82306.48606142495, 166806.90179090016], "lengs": [10.0, 21.544346900318832, 46.41588833612778, 100.0, 215.44346900318823, 464.15888336127773, 1000.0]}