{"benchmarks": [[142.6096410609316, 111.84390777396038, 111.18176078400575, 108.14241177798249, 112.12144200201146], [118.03136280807666, 118.60052676009946, 117.4073523900006, 116.59056961908937, 117.28201977000572], [130.33548687398434, 132.87276436411776, 133.28350179689005, 133.46377088990994, 135.73400032310747], [181.4028705849778, 181.09632516512647, 181.3066399327945, 183.34857410402037, 181.71818141709082]], "medians": [111843.90777396038, 117407.3523900006, 133283.50179689005, 181402.8705849778], "lengs": [10.0, 46.41588833612778, 215.44346900318823, 1000.0]}