{"benchmarks": [[139.06177794700488, 111.72679187700851, 113.32819166200352, 111.95613292499911, 112.19650890299818], [118.30684900900815, 116.30996728499304, 117.26642483501928, 117.19067506701685, 117.64249705101247], [133.493876936991, 134.47729347698623, 133.87522044900106, 134.17210710098152, 135.2823026989936], [181.41034719301388, 182.37998633799725, 181.08415136899566, 181.8288636090001, 182.86386248498457]], "medians": [112196.50890299818, 117266.42483501928, 134172.10710098152, 181828.8636090001], "lengs": [10.0, 46.41588833612778, 215.44346900318823, 1000.0]}