{"benchmarks": [[0.8770682110916823, 0.6614405349828303, 0.6678320860955864, 0.6507532452233136, 0.6584762120619416, 0.6473094318062067, 0.6506371640134603, 0.650558021152392, 0.6512646100018173, 0.6553305839188397], [0.9770150939002633, 0.9948219899088144, 0.9863764920737594, 0.9872191769536585, 0.9827416790649295, 0.9874783300329, 0.9932083799503744, 0.9911642118822783, 0.9863481940701604, 0.9935485408641398], [2.071435855003074, 2.0448519189376384, 2.042038765968755, 2.065071813063696, 2.0499338139779866, 2.043501188978553, 2.0494630387984216, 2.04691165802069, 2.04683222505264, 2.048911433899775], [5.36743348906748, 5.425528563093394, 5.387179332086816, 5.398451237939298, 5.417025201022625, 5.412713105790317, 5.366191160865128, 5.410447729052976, 5.406929278979078, 5.389264126075432], [15.904066252987832, 16.00614740792662, 15.97588904784061, 15.950010563945398, 15.9239458469674, 15.937056630151346, 15.850383485900238, 15.926672335946932, 15.922147582052276, 15.915085070068017], [49.18866560398601, 49.37017049593851, 49.3487773318775, 49.88278615102172, 49.182622310938314, 49.27681095106527, 49.286250883946195, 49.1720921988599, 49.56378604983911, 49.110259369947016], [155.1469157198444, 155.19394543301314, 155.00246284692548, 155.81708619813435, 154.2662791099865, 155.6013327119872, 154.9167700370308, 154.50770044978708, 156.6027954290621, 155.47330379392952]], "medians": [653.2975969603285, 987.3487534932792, 2047.9115459602326, 5402.690258459188, 15925.309091457166, 49281.530917505734, 155170.43057642877], "lengs": [10.0, 31.622776601683796, 100.0, 316.2277660168379, 1000.0, 3162.277660168379, 10000.0]}