{"benchmarks": [[0.8793857480050065, 0.665477788017597, 0.6658138860075269, 0.6645338899979834, 0.667341270018369, 0.6640375299903098, 0.659563668014016, 0.6611130659875926, 0.6639582999923732, 0.6678078199911397], [0.9988900919852313, 1.0033453899959568, 0.9931578329997137, 0.9993889429897536, 0.9897656129905954, 0.9938482650031801, 0.9949095199990552, 0.9984846150036901, 0.9988505479996093, 0.9958717249974143], [2.1282194500090554, 2.075955200009048, 2.0697741890035104, 2.062101417017402, 2.047470229997998, 2.045976204011822, 2.0635442519851495, 2.06540423099068, 2.0602318059827667, 2.047548648028169], [5.43914770099218, 5.409722606011201, 5.402667444024701, 5.3878514480020385, 5.36793911101995, 5.440386751986807, 5.397371489001671, 5.389712861011503, 5.368670961004682, 5.375144246994751], [15.983889422990615, 16.030096967006102, 16.476204036996933, 15.909480400994653, 15.909300459985388, 15.951986814005068, 15.919051654986106, 15.918512656004168, 15.907571224990534, 15.970253275998402], [49.057682785001816, 49.409559082007036, 49.37086303901742, 49.086109657015186, 49.76028580201091, 49.34896527402452, 49.232256565999705, 49.18598973299959, 49.47919805298443, 49.26127198699396], [154.44924091899884, 154.5273885729839, 154.1483227449935, 154.51228977399296, 154.79719975200715, 154.40055724899867, 154.25899731300888, 154.83664555998985, 154.6080919090018, 155.4167703310086]], "medians": [665.0058390077902, 997.1781700005522, 2062.822834501276, 5393.542175006587, 15935.519234495587, 49305.11863050924, 154519.83917348844], "lengs": [10.0, 31.622776601683796, 100.0, 316.2277660168379, 1000.0, 3162.277660168379, 10000.0]}