{"benchmarks": [[5781.966742765013, 5905.402472869988], [20603.33722367001, 20619.324412837974]], "medians": [5843684.607817501, 20611330.81825399], "lengs": [2500.345361696432, 15995.58028614668]}