{"benchmarks": [[1.2455074170138687, 0.25449505998403765, 0.24705379898659885, 0.23901998600922525, 0.23177905901684426, 0.23107157601043582, 0.23119704899727367, 0.2306263349892106, 0.23112744101672433, 0.2308229409973137], [0.23424477598746307, 0.2347265230200719, 0.23481883000931703, 0.24210114899324253, 0.23913192498730496, 0.2344496640143916, 0.23532813301426359, 0.2377861249842681, 0.23634419901645742, 0.23966705199563876], [0.2478718479978852, 0.245650160999503, 0.2456119799753651, 0.24558060598792508, 0.24746826497721486, 0.24515217400039546, 0.24488174699945375, 0.24526460000197403, 0.2460565109795425, 0.24569471899303608], [0.28504765301477164, 0.28469290101202205, 0.28424629700020887, 0.28311721101636067, 0.28621552902041003, 0.293113905005157, 0.28175480299978517, 0.28195693201269023, 0.28856389797874726, 0.2829286069900263], [0.39875165600096807, 0.40733273499063216, 0.39930386599735357, 0.39906636299565434, 0.4053361009864602, 0.40487185699748807, 0.4021250079968013, 0.4122936030034907, 0.4065896599786356, 0.41061596901272424], [0.7772711520083249, 0.774186832975829, 0.7757529699883889, 0.7766886210010853, 0.7713604249875061, 0.7895432569785044, 0.7785299039969686, 0.777018421998946, 0.783131661999505, 0.7807758309936617], [1.9339319949795026, 1.9399135540006682, 1.9491817369998898, 1.934009739983594, 1.9299590019800235, 1.9491282569942996, 1.9532490750134457, 1.952246185974218, 1.9412503589992411, 1.9507694400090259], [5.636819548002677, 5.659922922990518, 5.6503407359996345, 5.6435414100124035, 5.637603390990989, 5.634659931005444, 5.631928777991561, 5.657511632976821, 5.672652336012106, 5.6960218000167515], [17.340212133014575, 17.34153080600663, 17.346540762024233, 17.362684416992124, 17.33726343300077, 17.31224845899851, 17.322239503002493, 17.327419757988537, 17.31555644099717, 17.33042021098663]], "medians": [231.48805400705896, 235.8361660153605, 245.63107048743404, 284.46959900611546, 405.10397899197415, 777.1447870036354, 1945.1893079967704, 5646.941073006019, 17333.8418219937], "lengs": [10.0, 31.622776601683796, 100.0, 316.2277660168379, 1000.0, 3162.277660168379, 10000.0, 31622.776601683796, 100000.0]}