{"benchmarks": [[5969.690695676021, 5497.372080572182], [20370.936514256988, 20329.574328050017]], "medians": [5733531.388124102, 20350255.4211535], "lengs": [2500.345361696432, 15995.58028614668]}