{"benchmarks": [[11.66928518700297, 9.487814561987761, 9.409574063000036, 9.418515152996406, 9.426040716993157, 9.474055310012773, 9.512308764009504, 9.420858096011216, 9.424000981991412, 9.479576174984686], [12.215713712997967, 12.193679817020893, 12.203423858009046, 12.211950432974845, 12.278276041004574, 12.211727998015704, 12.250746620004065, 12.202590832981514, 12.204773164994549, 12.214517173008062], [16.401440693007316, 16.333630021981662, 16.448904671997298, 16.446854990994325, 16.40349336300278, 16.455520083021838, 16.466373119008495, 16.377902993001044, 16.357762740983162, 16.3453725319996], [24.764439840015257, 24.864154979994055, 24.77825643698452, 24.696907479985384, 24.86575261998223, 24.698496573022567, 24.875344289990608, 24.802537971001584, 24.861451810022118, 24.922563234023983]], "medians": [9450.048013502965, 12211.839215495274, 16402.46702800505, 24831.99489051185], "lengs": [10.0, 21.544346900318832, 46.41588833612778, 100.0]}