{"benchmarks": [[1.0194500440265983, 0.25719723594374955, 0.25277724396437407, 0.24598537292331457, 0.2333120119292289, 0.23359888792037964, 0.22981095500290394, 0.23047383013181388, 0.23079908988438547, 0.2294815939385444], [0.23483356810174882, 0.2327528321184218, 0.2334651870187372, 0.23377673793584108, 0.23371696611866355, 0.234358194982633, 0.2348080149386078, 0.23274863604456186, 0.23518504295498133, 0.23628653306514025], [0.246299714082852, 0.24405037285760045, 0.2439445520285517, 0.24812774104066193, 0.24648899002932012, 0.24596897000446916, 0.2442417200654745, 0.24362721107900143, 0.24655267200432718, 0.2474499950185418], [0.2821817819494754, 0.2872446591500193, 0.2816617079079151, 0.28817143803462386, 0.2880918278824538, 0.28730431105941534, 0.2814986619632691, 0.28098919498734176, 0.28371777990832925, 0.2817900551017374], [0.398078755941242, 0.4045433970168233, 0.40627257502637804, 0.4064213568344712, 0.40140076889656484, 0.39927776204422116, 0.4028015360236168, 0.4047462719026953, 0.3986028309445828, 0.4052629831712693], [0.775326349074021, 0.771295053884387, 0.7747027329169214, 0.7818836090154946, 0.7793778891209513, 0.7766069900244474, 0.7716791308484972, 0.7718923618085682, 0.7777997539378703, 0.7666474541183561], [1.9608167288824916, 1.9516183901578188, 1.9459551949985325, 1.948804640211165, 1.9532216570805758, 1.9500611659605056, 1.9409302989952266, 1.9501756879035383, 1.945600118022412, 1.9515475339721888], [5.657972782151774, 5.648313370998949, 5.652935304911807, 5.639739573001862, 5.63928383612074, 5.64710913784802, 5.742641088087112, 5.636837447993457, 5.640329085988924, 5.655062481062487], [17.331490954151377, 17.392654760042205, 17.32715840009041, 17.309169557178393, 17.32216770411469, 17.310741981025785, 17.308199807070196, 17.30978977610357, 17.30928215687163, 17.329634645953774]], "medians": [233.45544992480427, 234.06746645923704, 246.13434204366058, 282.9497809289023, 403.67246652022004, 775.0145409954712, 1950.118426932022, 5647.711254423484, 17316.454842570238], "lengs": [10.0, 31.622776601683796, 100.0, 316.2277660168379, 1000.0, 3162.277660168379, 10000.0, 31622.776601683796, 100000.0]}