{"lengs":[10.0,100.0,1000.0],"benchmarks":[["Trial",{"allocs":6,"gctimes":[0.0,0.0,0.0,0.0,0.0,0.0,0.0,0.0,0.0,0.0,0.0,0.0,0.0,0.0,0.0,0.0,0.0,0.0,0.0,0.0,0.0,0.0,0.0,0.0,0.0,0.0,0.0,0.0,0.0,0.0,0.0,0.0,0.0,0.0,0.0,0.0,0.0,0.0,0.0,0.0,0.0,0.0,0.0,0.0,0.0,0.0,0.0,0.0,0.0,0.0,0.0,0.0,0.0,0.0,0.0,0.0,0.0,0.0,0.0,0.0,0.0,0.0,0.0,0.0,0.0,0.0,0.0,0.0,0.0,0.0,0.0,0.0,0.0],"memory":144,"params":["Parameters",{"gctrial":true,"time_tolerance":0.05,"evals_set":false,"samples":10000,"evals":1,"gcsample":false,"seconds":5.0,"overhead":0.0,"memory_tolerance":0.01}],"times":[7.1572985e7,6.8724112e7,6.8199179e7,6.8690884e7,6.8322132e7,6.8495559e7,6.8473926e7,7.1033251e7,6.8789513e7,6.8984225e7,6.8551015e7,6.8769115e7,6.9003567e7,6.8393366e7,6.881718e7,6.9011124e7,6.8857039e7,6.9006911e7,6.9121141e7,6.8523953e7,6.9041757e7,6.8641025e7,6.8882865e7,6.8711738e7,6.8886907e7,6.8846556e7,6.9189976e7,6.8777863e7,6.8303428e7,6.8906512e7,6.8828751e7,6.8526763e7,6.8565122e7,6.8619276e7,6.8569029e7,6.8564154e7,6.8959379e7,6.901494e7,6.8559305e7,6.8256026e7,6.8881652e7,6.9204577e7,6.8973456e7,6.8284733e7,6.8772457e7,6.8709074e7,6.8492587e7,6.888345e7,6.8988792e7,6.8939537e7,6.8438034e7,6.862678e7,6.8028166e7,7.1243836e7,6.8176846e7,6.8973025e7,6.8723545e7,6.8829485e7,6.8612834e7,6.8245978e7,6.8726605e7,6.8574471e7,6.8642668e7,6.8744539e7,6.8847766e7,6.9079157e7,6.8672771e7,6.8858248e7,6.8488915e7,6.9704874e7,6.8653573e7,6.8912075e7,6.8404406e7]}],["Trial",{"allocs":6,"gctimes":[0.0,0.0,0.0,0.0,0.0,0.0,0.0,0.0],"memory":144,"params":["Parameters",{"gctrial":true,"time_tolerance":0.05,"evals_set":false,"samples":10000,"evals":1,"gcsample":false,"seconds":5.0,"overhead":0.0,"memory_tolerance":0.01}],"times":[6.66189524e8,6.63812918e8,6.66305449e8,6.66583012e8,6.65721335e8,6.66340945e8,6.66648114e8,6.6557147e8]}],["Trial",{"allocs":6,"gctimes":[0.0],"memory":144,"params":["Parameters",{"gctrial":true,"time_tolerance":0.05,"evals_set":false,"samples":10000,"evals":1,"gcsample":false,"seconds":5.0,"overhead":0.0,"memory_tolerance":0.01}],"times":[6.646830943e9]}]],"medians":[68.744539,666.2474865,6646.830943]}