{"lengs":[10.0,31.622776601683793,100.0,316.22776601683796,1000.0,3162.2776601683795,10000.0],"benchmarks":[["Trial",{"allocs":11,"gctimes":[0.0,0.0,0.0,0.0,0.0,0.0,0.0,0.0,0.0,0.0],"memory":3680,"params":["Parameters",{"gctrial":true,"time_tolerance":0.05,"evals_set":false,"samples":10000,"evals":1,"gcsample":false,"seconds":5.0,"overhead":0.0,"memory_tolerance":0.01}],"times":[5.40511156e8,5.45526725e8,5.41966545e8,5.42167562e8,5.41026496e8,5.40626075e8,5.36841211e8,5.36363894e8,5.37064464e8,5.42596066e8]}],["Trial",{"allocs":11,"gctimes":[0.0,0.0,0.0,0.0],"memory":3680,"params":["Parameters",{"gctrial":true,"time_tolerance":0.05,"evals_set":false,"samples":10000,"evals":1,"gcsample":false,"seconds":5.0,"overhead":0.0,"memory_tolerance":0.01}],"times":[1.574134548e9,1.563622056e9,1.564520897e9,1.574110923e9]}],["Trial",{"allocs":11,"gctimes":[0.0,0.0],"memory":3680,"params":["Parameters",{"gctrial":true,"time_tolerance":0.05,"evals_set":false,"samples":10000,"evals":1,"gcsample":false,"seconds":5.0,"overhead":0.0,"memory_tolerance":0.01}],"times":[4.825485032e9,4.811378065e9]}],["Trial",{"allocs":11,"gctimes":[0.0],"memory":3680,"params":["Parameters",{"gctrial":true,"time_tolerance":0.05,"evals_set":false,"samples":10000,"evals":1,"gcsample":false,"seconds":5.0,"overhead":0.0,"memory_tolerance":0.01}],"times":[1.5124041897e10]}],["Trial",{"allocs":11,"gctimes":[0.0],"memory":3680,"params":["Parameters",{"gctrial":true,"time_tolerance":0.05,"evals_set":false,"samples":10000,"evals":1,"gcsample":false,"seconds":5.0,"overhead":0.0,"memory_tolerance":0.01}],"times":[4.7579825727e10]}],["Trial",{"allocs":11,"gctimes":[0.0],"memory":3680,"params":["Parameters",{"gctrial":true,"time_tolerance":0.05,"evals_set":false,"samples":10000,"evals":1,"gcsample":false,"seconds":5.0,"overhead":0.0,"memory_tolerance":0.01}],"times":[1.5058723767e11]}],["Trial",{"allocs":11,"gctimes":[0.0],"memory":3680,"params":["Parameters",{"gctrial":true,"time_tolerance":0.05,"evals_set":false,"samples":10000,"evals":1,"gcsample":false,"seconds":5.0,"overhead":0.0,"memory_tolerance":0.01}],"times":[4.76933888772e11]}]],"medians":[540.8262855,1569.31591,4818.4315485,15124.041897,47579.825727,150587.23767,476933.888772]}