{"lengs":[10.0,100.0,1000.0],"benchmarks":[["Trial",{"allocs":11,"gctimes":[0.0,0.0,0.0,0.0,0.0,0.0,0.0,0.0,0.0,0.0,0.0,0.0,0.0,0.0,0.0,0.0,0.0,0.0,0.0,0.0,0.0,0.0,0.0,0.0,0.0,0.0,0.0,0.0,0.0,0.0,0.0,0.0,0.0],"memory":3680,"params":["Parameters",{"gctrial":true,"time_tolerance":0.05,"evals_set":false,"samples":10000,"evals":1,"gcsample":false,"seconds":5.0,"overhead":0.0,"memory_tolerance":0.01}],"times":[1.72753591e8,1.79115481e8,1.46922855e8,1.48835459e8,1.46645461e8,1.47212956e8,1.4802896e8,1.48908514e8,1.48846496e8,1.46142616e8,1.47321132e8,1.48191074e8,1.48472131e8,1.47326583e8,1.47917075e8,1.48185893e8,1.48100946e8,1.47970751e8,1.47975706e8,1.47414209e8,1.46693227e8,1.47359294e8,1.47185138e8,1.48048165e8,1.48853692e8,1.47642297e8,1.47652295e8,1.48629997e8,1.47278878e8,1.4743853e8,1.46893101e8,1.47231982e8,1.47406432e8]}],["Trial",{"allocs":11,"gctimes":[0.0,0.0,0.0,0.0],"memory":3680,"params":["Parameters",{"gctrial":true,"time_tolerance":0.05,"evals_set":false,"samples":10000,"evals":1,"gcsample":false,"seconds":5.0,"overhead":0.0,"memory_tolerance":0.01}],"times":[1.501412508e9,1.495358364e9,1.500407714e9,1.499364637e9]}],["Trial",{"allocs":11,"gctimes":[0.0],"memory":3680,"params":["Parameters",{"gctrial":true,"time_tolerance":0.05,"evals_set":false,"samples":10000,"evals":1,"gcsample":false,"seconds":5.0,"overhead":0.0,"memory_tolerance":0.01}],"times":[1.500545647e10]}]],"medians":[147.652295,1499.8861755,15005.45647]}