{"lengs":[10.0,100.0,1000.0],"benchmarks":[["Trial",{"allocs":11,"gctimes":[0.0,0.0,0.0,0.0,0.0,0.0,0.0,0.0,0.0,0.0,0.0,0.0,0.0,0.0,0.0,0.0,0.0,0.0,0.0,0.0,0.0,0.0,0.0,0.0,0.0,0.0,0.0,0.0,0.0,0.0,0.0,0.0,0.0,0.0,0.0,0.0,0.0,0.0,0.0,0.0,0.0,0.0,0.0,0.0,0.0,0.0,0.0,0.0,0.0,0.0,0.0,0.0,0.0,0.0,0.0,0.0,0.0,0.0,0.0,0.0,0.0,0.0,0.0,0.0,0.0,0.0,0.0,0.0,0.0,0.0,0.0,0.0,0.0,0.0,0.0,0.0,0.0,0.0,0.0,0.0,0.0,0.0,0.0,0.0,0.0,0.0,0.0,0.0,0.0,0.0,0.0,0.0,0.0,0.0,0.0,0.0,0.0,0.0,0.0,0.0,0.0,0.0,0.0,0.0,0.0,0.0,0.0,0.0,0.0,0.0,0.0,0.0,0.0,0.0,0.0,0.0,0.0,0.0,0.0,0.0,0.0,0.0,0.0,0.0,0.0,0.0,0.0,0.0,0.0,0.0,0.0,0.0,0.0,0.0,0.0,0.0,0.0,0.0,0.0,0.0,0.0,0.0,0.0,0.0,0.0,0.0,0.0,0.0,0.0,0.0,0.0,0.0,0.0,0.0,0.0,0.0,0.0,0.0,0.0],"memory":2144,"params":["Parameters",{"gctrial":true,"time_tolerance":0.05,"evals_set":false,"samples":10000,"evals":1,"gcsample":false,"seconds":5.0,"overhead":0.0,"memory_tolerance":0.01}],"times":[3.5930898e7,3.1316401e7,3.1365872e7,3.0943657e7,3.1178586e7,3.1273054e7,3.145788e7,3.1232722e7,3.130738e7,3.1081984e7,3.1011893e7,3.1130027e7,3.0854612e7,3.1330137e7,3.1317007e7,3.1213322e7,3.1699753e7,3.1032899e7,3.1242582e7,3.1364474e7,3.1061299e7,3.1388674e7,3.1436537e7,3.1180908e7,3.1515053e7,3.1647047e7,3.1219678e7,3.113998e7,3.1150292e7,3.1123722e7,3.1116766e7,3.1520934e7,3.1198489e7,3.1332363e7,3.1141413e7,3.1296457e7,3.1196376e7,3.145465e7,3.1174319e7,3.1279216e7,3.0976985e7,3.1288923e7,3.1257641e7,3.0900194e7,3.1124801e7,3.1343242e7,3.1162783e7,3.1256609e7,3.124178e7,3.1430821e7,3.1113213e7,3.1469159e7,3.1466413e7,3.1434902e7,3.1246443e7,3.146532e7,3.1239293e7,3.1354185e7,3.1290338e7,3.110178e7,3.100139e7,3.1245709e7,3.1247694e7,3.1282026e7,3.1321245e7,3.1083872e7,3.1625524e7,3.1396634e7,3.1423318e7,3.1458909e7,3.1489717e7,3.1357356e7,3.1349426e7,3.1386765e7,3.1319589e7,3.1329686e7,3.1422171e7,3.144892e7,3.1403179e7,3.1460747e7,3.167687e7,3.154702e7,3.1413186e7,3.3766377e7,3.1201835e7,3.1232887e7,3.1180322e7,3.102749e7,3.0994148e7,3.1300911e7,3.1318692e7,3.1526075e7,3.1105482e7,3.1144967e7,3.0945635e7,3.1117679e7,3.1097849e7,3.1301212e7,3.1198881e7,3.1225289e7,3.1314936e7,3.0994263e7,3.1136727e7,3.1155595e7,3.1183711e7,3.1058947e7,3.1110952e7,3.1126962e7,3.1287765e7,3.1214973e7,3.1011916e7,3.1234869e7,3.1233371e7,3.108521e7,3.0934807e7,3.1138994e7,3.1104638e7,3.129343e7,3.1456503e7,3.1165853e7,3.0955914e7,3.1264506e7,3.1166869e7,3.1440865e7,3.1304588e7,3.1230374e7,3.1352931e7,3.1280831e7,3.152553e7,3.1207365e7,3.1324025e7,3.1514758e7,3.1320547e7,3.1426428e7,3.1492664e7,3.1279332e7,3.1400805e7,3.1177363e7,3.1090613e7,3.1177884e7,3.1030015e7,3.1091875e7,3.110396e7,3.1270946e7,3.1616813e7,3.1272138e7,3.1182261e7,3.1222078e7,3.145456e7,3.1223045e7,3.1381133e7,3.1281406e7,3.1101392e7,3.122707e7,3.1256964e7,3.1383958e7,3.1258778e7,3.1275872e7,3.0962233e7]}],["Trial",{"allocs":11,"gctimes":[0.0,0.0,0.0,0.0,0.0,0.0,0.0,0.0,0.0,0.0,0.0,0.0,0.0,0.0,0.0,0.0,0.0],"memory":2144,"params":["Parameters",{"gctrial":true,"time_tolerance":0.05,"evals_set":false,"samples":10000,"evals":1,"gcsample":false,"seconds":5.0,"overhead":0.0,"memory_tolerance":0.01}],"times":[3.03214951e8,3.03002098e8,3.02572567e8,3.08588472e8,3.04805476e8,3.04244347e8,3.0410197e8,3.04067156e8,3.04741813e8,3.02018072e8,3.02224627e8,3.02503042e8,3.02263925e8,3.0204345e8,3.02164346e8,3.0625389e8,3.01817678e8]}],["Trial",{"allocs":11,"gctimes":[0.0,0.0],"memory":2144,"params":["Parameters",{"gctrial":true,"time_tolerance":0.05,"evals_set":false,"samples":10000,"evals":1,"gcsample":false,"seconds":5.0,"overhead":0.0,"memory_tolerance":0.01}],"times":[3.018500289e9,3.009403413e9]}]],"medians":[31.256964,303.002098,3013.951851]}