{"lengs":[10.0,31.622776601683793,100.0,316.22776601683796,1000.0,3162.2776601683795,10000.0],"benchmarks":[["Trial",{"allocs":11,"gctimes":[0.0,0.0,0.0,0.0,0.0,0.0,0.0,0.0,0.0,0.0,0.0],"memory":3680,"params":["Parameters",{"gctrial":true,"time_tolerance":0.05,"evals_set":false,"samples":10000,"evals":1,"gcsample":false,"seconds":5.0,"overhead":0.0,"memory_tolerance":0.01}],"times":[4.85883793e8,4.77154347e8,4.75216371e8,4.74420239e8,4.75849499e8,4.78563135e8,4.74692442e8,4.74966244e8,4.72354544e8,4.73895248e8,5.21033712e8]}],["Trial",{"allocs":11,"gctimes":[0.0,0.0,0.0,0.0],"memory":3680,"params":["Parameters",{"gctrial":true,"time_tolerance":0.05,"evals_set":false,"samples":10000,"evals":1,"gcsample":false,"seconds":5.0,"overhead":0.0,"memory_tolerance":0.01}],"times":[1.400834608e9,1.3954468e9,1.388463915e9,1.393713466e9]}],["Trial",{"allocs":11,"gctimes":[0.0,0.0],"memory":3680,"params":["Parameters",{"gctrial":true,"time_tolerance":0.05,"evals_set":false,"samples":10000,"evals":1,"gcsample":false,"seconds":5.0,"overhead":0.0,"memory_tolerance":0.01}],"times":[4.315455893e9,4.28976725e9]}],["Trial",{"allocs":11,"gctimes":[0.0],"memory":3680,"params":["Parameters",{"gctrial":true,"time_tolerance":0.05,"evals_set":false,"samples":10000,"evals":1,"gcsample":false,"seconds":5.0,"overhead":0.0,"memory_tolerance":0.01}],"times":[1.3382308482e10]}],["Trial",{"allocs":11,"gctimes":[0.0],"memory":3680,"params":["Parameters",{"gctrial":true,"time_tolerance":0.05,"evals_set":false,"samples":10000,"evals":1,"gcsample":false,"seconds":5.0,"overhead":0.0,"memory_tolerance":0.01}],"times":[4.2156013494e10]}],["Trial",{"allocs":11,"gctimes":[0.0],"memory":3680,"params":["Parameters",{"gctrial":true,"time_tolerance":0.05,"evals_set":false,"samples":10000,"evals":1,"gcsample":false,"seconds":5.0,"overhead":0.0,"memory_tolerance":0.01}],"times":[1.32762689338e11]}],["Trial",{"allocs":11,"gctimes":[0.0],"memory":3680,"params":["Parameters",{"gctrial":true,"time_tolerance":0.05,"evals_set":false,"samples":10000,"evals":1,"gcsample":false,"seconds":5.0,"overhead":0.0,"memory_tolerance":0.01}],"times":[4.20018697866e11]}]],"medians":[475.216371,1394.580133,4302.6115715,13382.308482,42156.013494,132762.689338,420018.697866]}