{"lengs":[10.0,100.0,1000.0],"benchmarks":[["Trial",{"allocs":11,"gctimes":[0.0,0.0,0.0,0.0,0.0,0.0,0.0,0.0,0.0,0.0,0.0,0.0,0.0,0.0,0.0,0.0,0.0,0.0,0.0,0.0,0.0,0.0,0.0,0.0,0.0,0.0,0.0,0.0,0.0,0.0,0.0,0.0,0.0,0.0,0.0,0.0,0.0,0.0,0.0,0.0,0.0,0.0,0.0,0.0,0.0,0.0,0.0,0.0,0.0,0.0,0.0,0.0,0.0,0.0,0.0,0.0,0.0,0.0,0.0,0.0,0.0,0.0,0.0,0.0,0.0,0.0,0.0,0.0,0.0,0.0,0.0,0.0,0.0,0.0,0.0,0.0,0.0,0.0,0.0,0.0,0.0,0.0,0.0,0.0,0.0,0.0,0.0,0.0,0.0,0.0,0.0,0.0,0.0,0.0,0.0,0.0,0.0,0.0,0.0,0.0,0.0,0.0,0.0,0.0,0.0,0.0,0.0,0.0,0.0,0.0,0.0,0.0,0.0,0.0,0.0,0.0,0.0,0.0,0.0,0.0,0.0,0.0,0.0,0.0,0.0,0.0,0.0,0.0,0.0,0.0,0.0,0.0,0.0,0.0,0.0,0.0,0.0,0.0,0.0,0.0,0.0,0.0,0.0,0.0,0.0,0.0,0.0,0.0,0.0,0.0,0.0,0.0,0.0,0.0,0.0,0.0,0.0,0.0,0.0],"memory":2144,"params":["Parameters",{"gctrial":true,"time_tolerance":0.05,"evals_set":false,"samples":10000,"evals":1,"gcsample":false,"seconds":5.0,"overhead":0.0,"memory_tolerance":0.01}],"times":[3.1062384e7,3.1769663e7,3.1140247e7,3.1336513e7,3.1108228e7,3.1379462e7,3.1143697e7,3.1202325e7,3.133892e7,3.1309582e7,3.101992e7,3.1523747e7,3.1013592e7,3.1502862e7,3.1728729e7,3.1706393e7,3.1419063e7,3.1725503e7,3.2102953e7,3.177468e7,3.1695176e7,3.1539367e7,3.1844309e7,3.1738417e7,3.1759255e7,3.139305e7,3.1036877e7,3.1047952e7,3.1725662e7,3.1550283e7,3.1577711e7,3.1686204e7,3.1519444e7,3.1123276e7,3.1338939e7,3.1220443e7,3.3669365e7,3.1238388e7,3.1103131e7,3.1185822e7,3.1014258e7,3.1034864e7,3.148803e7,3.1257035e7,3.1008379e7,3.122246e7,3.1165e7,3.1146866e7,3.2555436e7,3.0917574e7,3.105038e7,3.1126568e7,3.1329013e7,3.1126274e7,3.1106814e7,3.1304524e7,3.1013843e7,3.1131576e7,3.1038017e7,3.1136137e7,3.1299732e7,3.1322568e7,3.1497982e7,3.0926498e7,3.1161834e7,3.0829582e7,3.1172929e7,3.1438836e7,3.0982913e7,3.1362749e7,3.0999625e7,3.1145175e7,3.1031593e7,3.1256779e7,3.1429009e7,3.1093416e7,3.1543298e7,3.1620672e7,3.144768e7,3.1093936e7,3.0972934e7,3.1307815e7,3.1163622e7,3.1233133e7,3.1122791e7,3.1340968e7,3.1113945e7,3.1026347e7,3.1102209e7,3.1217241e7,3.1075557e7,3.110182e7,3.1112364e7,3.1259829e7,3.1237601e7,3.1019611e7,3.1136934e7,3.1101755e7,3.1136517e7,3.1074163e7,3.1107296e7,3.0849342e7,3.1255733e7,3.1279929e7,3.3041943e7,3.1095802e7,3.0937533e7,3.1131785e7,3.1184307e7,3.1097769e7,3.1027471e7,3.1059736e7,3.105928e7,3.0875123e7,3.1297034e7,3.1233138e7,3.1339232e7,3.1006324e7,3.1016878e7,3.1175281e7,3.1132043e7,3.1442831e7,3.0899788e7,3.1156197e7,3.1042277e7,3.1092776e7,3.0995406e7,3.1835872e7,3.1974532e7,3.1837308e7,3.1899967e7,3.1861475e7,3.1706495e7,3.1178289e7,3.1319452e7,3.0993549e7,3.1646569e7,3.1739618e7,3.2318873e7,3.1805558e7,3.1744224e7,3.1765684e7,3.1670919e7,3.1294234e7,3.1651213e7,3.1686072e7,3.1610869e7,3.1596504e7,3.158373e7,3.1662212e7,3.1818406e7,3.2062898e7,3.2003565e7,3.1836448e7,3.1834462e7,3.1703859e7,3.1686922e7,3.1650409e7,3.1075658e7]}],["Trial",{"allocs":11,"gctimes":[0.0,0.0,0.0,0.0,0.0,0.0,0.0,0.0,0.0,0.0,0.0,0.0,0.0,0.0,0.0,0.0,0.0],"memory":2144,"params":["Parameters",{"gctrial":true,"time_tolerance":0.05,"evals_set":false,"samples":10000,"evals":1,"gcsample":false,"seconds":5.0,"overhead":0.0,"memory_tolerance":0.01}],"times":[3.03406546e8,3.03623337e8,3.08355572e8,3.03729588e8,3.02232037e8,3.02870645e8,3.02834019e8,3.02725237e8,3.02966024e8,3.03099581e8,3.02917592e8,3.0542808e8,3.0220419e8,3.06842979e8,3.06826888e8,3.07727297e8,3.07152389e8]}],["Trial",{"allocs":11,"gctimes":[0.0,0.0],"memory":2144,"params":["Parameters",{"gctrial":true,"time_tolerance":0.05,"evals_set":false,"samples":10000,"evals":1,"gcsample":false,"seconds":5.0,"overhead":0.0,"memory_tolerance":0.01}],"times":[3.020915205e9,3.024539338e9]}]],"medians":[31.238388,303.406546,3022.7272715]}