{"lengs":[10.0,100.0,1000.0],"benchmarks":[["Trial",{"allocs":11,"gctimes":[0.0,0.0,0.0,0.0,0.0,0.0,0.0,0.0,0.0,0.0,0.0,0.0,0.0,0.0,0.0,0.0,0.0],"memory":3680,"params":["Parameters",{"gctrial":true,"time_tolerance":0.05,"evals_set":false,"samples":10000,"evals":1,"gcsample":false,"seconds":5.0,"overhead":0.0,"memory_tolerance":0.01}],"times":[3.00904278e8,3.12601772e8,3.04376527e8,3.01691868e8,3.02573191e8,3.05507108e8,3.034441e8,3.05204065e8,3.04494422e8,3.05696679e8,3.0488464e8,3.04252525e8,3.03925253e8,3.06133482e8,3.04384403e8,3.05669241e8,3.0587415e8]}],["Trial",{"allocs":11,"gctimes":[0.0,0.0],"memory":3680,"params":["Parameters",{"gctrial":true,"time_tolerance":0.05,"evals_set":false,"samples":10000,"evals":1,"gcsample":false,"seconds":5.0,"overhead":0.0,"memory_tolerance":0.01}],"times":[3.043733031e9,3.035236034e9]}],["Trial",{"allocs":11,"gctimes":[0.0],"memory":3680,"params":["Parameters",{"gctrial":true,"time_tolerance":0.05,"evals_set":false,"samples":10000,"evals":1,"gcsample":false,"seconds":5.0,"overhead":0.0,"memory_tolerance":0.01}],"times":[3.0139858022e10]}]],"medians":[304.494422,3039.4845325,30139.858022]}