{"lengs":[10.0,31.622776601683793,100.0,316.22776601683796,1000.0,3162.2776601683795,10000.0],"benchmarks":[["Trial",{"allocs":11,"gctimes":[0.0,0.0,0.0,0.0,0.0,0.0,0.0,0.0,0.0,0.0,0.0,0.0,0.0,0.0,0.0,0.0,0.0,0.0,0.0,0.0,0.0,0.0,0.0,0.0,0.0,0.0,0.0,0.0,0.0,0.0,0.0,0.0,0.0,0.0,0.0,0.0,0.0,0.0,0.0,0.0,0.0,0.0,0.0,0.0,0.0,0.0,0.0,0.0,0.0,0.0,0.0,0.0,0.0,0.0,0.0,0.0,0.0,0.0,0.0,0.0,0.0,0.0,0.0,0.0,0.0,0.0,0.0,0.0,0.0,0.0,0.0,0.0,0.0,0.0,0.0,0.0,0.0,0.0,0.0,0.0,0.0,0.0,0.0,0.0,0.0,0.0,0.0,0.0,0.0,0.0,0.0,0.0,0.0,0.0,0.0,0.0,0.0,0.0,0.0,0.0,0.0,0.0,0.0,0.0,0.0,0.0,0.0,0.0,0.0,0.0,0.0,0.0,0.0,0.0,0.0,0.0,0.0,0.0,0.0,0.0],"memory":3680,"params":["Parameters",{"gctrial":true,"time_tolerance":0.05,"evals_set":false,"samples":10000,"evals":1,"gcsample":false,"seconds":5.0,"overhead":0.0,"memory_tolerance":0.01}],"times":[4.1057742e7,6.1162431e7,4.0429296e7,4.2091086e7,4.0605087e7,4.1183231e7,4.0511068e7,4.0824887e7,4.0490008e7,4.0649003e7,4.0661571e7,4.1091735e7,4.0613915e7,4.0889626e7,4.070423e7,4.1312661e7,4.0782106e7,4.1143529e7,4.0950587e7,4.0764892e7,4.0584496e7,4.0792364e7,4.0979022e7,4.097274e7,4.0743589e7,4.096215e7,4.0652893e7,4.0666112e7,4.0945925e7,4.0806615e7,4.2897988e7,4.0569628e7,4.2005823e7,4.0313285e7,4.1062556e7,4.1080367e7,4.0623446e7,4.0635354e7,4.0521051e7,4.0638568e7,4.0600691e7,4.0589716e7,4.127936e7,4.0789894e7,4.0736653e7,4.0859157e7,4.0532849e7,4.0408088e7,4.0662954e7,4.0698173e7,4.1074733e7,4.0684558e7,4.0672192e7,4.2898204e7,4.087113e7,4.0889302e7,4.1475854e7,4.0834478e7,4.1327851e7,4.1042623e7,4.097327e7,4.0754913e7,4.0517898e7,4.0807351e7,4.0913464e7,4.0676508e7,4.1183194e7,4.0697129e7,4.107165e7,4.0785432e7,4.0970245e7,4.0593133e7,4.104131e7,4.0678652e7,4.0725309e7,4.2217382e7,4.034669e7,4.0760476e7,4.0573611e7,4.0504354e7,4.0674016e7,4.1282832e7,4.1093282e7,4.0573656e7,4.0554163e7,4.0643164e7,4.0703181e7,4.0447941e7,4.0869904e7,4.0993374e7,4.0997982e7,4.0675771e7,4.0657483e7,4.0566395e7,4.245446e7,4.2077409e7,4.2690546e7,4.1055774e7,4.1106389e7,4.1313832e7,4.0814538e7,4.096285e7,4.0812734e7,4.0796328e7,4.095573e7,4.2860265e7,4.1795852e7,4.0887501e7,4.133877e7,4.0404042e7,4.1518168e7,4.0729558e7,4.0922055e7,4.0847117e7,4.0888184e7,4.0446207e7,4.067146e7,4.0625268e7,4.1390305e7,4.100179e7]}],["Trial",{"allocs":11,"gctimes":[0.0,0.0,0.0,0.0,0.0,0.0,0.0,0.0,0.0,0.0,0.0,0.0,0.0,0.0,0.0,0.0,0.0,0.0,0.0,0.0,0.0,0.0,0.0,0.0,0.0,0.0,0.0,0.0,0.0,0.0,0.0,0.0,0.0,0.0,0.0,0.0,0.0,0.0,0.0,0.0,0.0,0.0],"memory":3680,"params":["Parameters",{"gctrial":true,"time_tolerance":0.05,"evals_set":false,"samples":10000,"evals":1,"gcsample":false,"seconds":5.0,"overhead":0.0,"memory_tolerance":0.01}],"times":[1.25646193e8,1.23187677e8,1.20287905e8,1.22146886e8,1.21476705e8,1.22018428e8,1.21593778e8,1.21902687e8,1.21308122e8,1.20764133e8,1.2155003e8,1.22076442e8,1.21923069e8,1.20799825e8,1.22960649e8,1.2198849e8,1.21328563e8,1.22160481e8,1.22023466e8,1.21965998e8,1.21640807e8,1.22170201e8,1.22292959e8,1.23733075e8,1.21576562e8,1.21700733e8,1.21079893e8,1.20799153e8,1.22687473e8,1.21728118e8,1.21909217e8,1.20619188e8,1.21264346e8,1.21273549e8,1.22069934e8,1.21147853e8,1.22026369e8,1.21477971e8,1.20608614e8,1.2192464e8,1.22802809e8,1.22322339e8]}],["Trial",{"allocs":11,"gctimes":[0.0,0.0,0.0,0.0,0.0,0.0,0.0,0.0,0.0,0.0,0.0,0.0,0.0,0.0],"memory":3680,"params":["Parameters",{"gctrial":true,"time_tolerance":0.05,"evals_set":false,"samples":10000,"evals":1,"gcsample":false,"seconds":5.0,"overhead":0.0,"memory_tolerance":0.01}],"times":[3.76011927e8,3.78302248e8,3.74741272e8,3.78192113e8,3.75196491e8,3.7753041e8,3.7529709e8,3.77871213e8,3.8105086e8,3.78458297e8,3.75805462e8,3.78714147e8,3.79078605e8,3.74439762e8]}],["Trial",{"allocs":11,"gctimes":[0.0,0.0,0.0,0.0,0.0],"memory":3680,"params":["Parameters",{"gctrial":true,"time_tolerance":0.05,"evals_set":false,"samples":10000,"evals":1,"gcsample":false,"seconds":5.0,"overhead":0.0,"memory_tolerance":0.01}],"times":[1.188769569e9,1.182567945e9,1.178407133e9,1.183518357e9,1.189512087e9]}],["Trial",{"allocs":11,"gctimes":[0.0,0.0],"memory":3680,"params":["Parameters",{"gctrial":true,"time_tolerance":0.05,"evals_set":false,"samples":10000,"evals":1,"gcsample":false,"seconds":5.0,"overhead":0.0,"memory_tolerance":0.01}],"times":[3.708541182e9,3.743697263e9]}],["Trial",{"allocs":11,"gctimes":[0.0,0.0],"memory":3680,"params":["Parameters",{"gctrial":true,"time_tolerance":0.05,"evals_set":false,"samples":10000,"evals":1,"gcsample":false,"seconds":5.0,"overhead":0.0,"memory_tolerance":0.01}],"times":[3.867269945e9,1.1813841779e10]}],["Trial",{"allocs":11,"gctimes":[0.0],"memory":3680,"params":["Parameters",{"gctrial":true,"time_tolerance":0.05,"evals_set":false,"samples":10000,"evals":1,"gcsample":false,"seconds":5.0,"overhead":0.0,"memory_tolerance":0.01}],"times":[3.7293960909e10]}]],"medians":[40.8100425,121.905952,377.7008115,1183.518357,3726.1192225,7840.555862,37293.960909]}