{"lengs":[10.0,31.622776601683793,100.0,316.22776601683796,1000.0,3162.2776601683795,10000.0],"benchmarks":[["Trial",{"allocs":11,"gctimes":[0.0,0.0,0.0,0.0,0.0,0.0,0.0,0.0,0.0,0.0,0.0,0.0,0.0,0.0,0.0,0.0,0.0,0.0,0.0,0.0,0.0,0.0,0.0,0.0,0.0,0.0,0.0,0.0,0.0,0.0,0.0,0.0,0.0,0.0,0.0,0.0,0.0,0.0,0.0,0.0,0.0,0.0,0.0,0.0,0.0,0.0,0.0,0.0,0.0,0.0,0.0,0.0,0.0,0.0,0.0,0.0,0.0,0.0,0.0,0.0,0.0,0.0,0.0,0.0,0.0,0.0,0.0,0.0,0.0,0.0,0.0,0.0,0.0,0.0,0.0,0.0,0.0,0.0,0.0,0.0,0.0,0.0,0.0,0.0,0.0,0.0,0.0,0.0,0.0,0.0,0.0,0.0,0.0,0.0,0.0,0.0,0.0,0.0,0.0,0.0,0.0,0.0,0.0,0.0,0.0,0.0,0.0,0.0,0.0,0.0,0.0,0.0,0.0,0.0,0.0,0.0,0.0,0.0,0.0,0.0,0.0,0.0],"memory":3680,"params":["Parameters",{"gctrial":true,"time_tolerance":0.05,"evals_set":false,"samples":10000,"evals":1,"gcsample":false,"seconds":5.0,"overhead":0.0,"memory_tolerance":0.01}],"times":[4.6123968e7,4.1240787e7,4.0823973e7,4.1623665e7,4.0376901e7,4.0758441e7,4.0694862e7,4.0248419e7,4.0538403e7,4.0764736e7,4.0489048e7,4.031061e7,4.085997e7,4.1072209e7,4.0642396e7,4.0487086e7,4.0419396e7,4.0344341e7,4.066963e7,4.0948674e7,4.0408521e7,4.2003724e7,4.0450802e7,4.0311375e7,4.0621967e7,4.0439847e7,4.0286402e7,4.0404983e7,4.0621793e7,4.0508146e7,4.033183e7,4.0893768e7,4.0529086e7,4.1010571e7,4.1281615e7,4.0653058e7,4.0627236e7,4.0494571e7,4.066675e7,4.0666729e7,4.0755281e7,4.0745226e7,4.0909036e7,4.0662557e7,4.097495e7,4.0664166e7,4.0283776e7,4.0764203e7,4.081675e7,4.0488788e7,4.113161e7,4.0540128e7,4.0807026e7,4.0748678e7,4.0209964e7,4.0918702e7,4.0337587e7,4.3204989e7,4.0359044e7,4.0878144e7,4.0791012e7,4.0941858e7,4.0765723e7,4.0740032e7,4.0472089e7,4.0637426e7,4.0230533e7,4.0810148e7,4.0488527e7,4.0668431e7,4.0399145e7,4.0990936e7,4.0499275e7,4.0579166e7,4.058133e7,4.0551734e7,4.0744386e7,4.0670584e7,4.08739e7,4.0519276e7,4.0554046e7,4.0676407e7,4.0645157e7,4.0847206e7,4.0949668e7,4.0762598e7,4.0586289e7,4.0411823e7,4.066474e7,4.0522186e7,4.0678342e7,4.0128631e7,4.1087154e7,4.1345766e7,4.0878431e7,4.0969792e7,4.0699502e7,4.0477536e7,4.0426561e7,4.0883643e7,4.1043155e7,4.0593568e7,4.0463089e7,4.0667312e7,4.0716869e7,4.0621679e7,4.1227403e7,4.0906675e7,4.053023e7,4.0276344e7,4.0660805e7,4.0648412e7,4.0560462e7,4.0622658e7,4.1059577e7,4.0893599e7,4.0341312e7,4.2942619e7,4.0334281e7,4.0855249e7,4.3517512e7,4.290983e7]}],["Trial",{"allocs":11,"gctimes":[0.0,0.0,0.0,0.0,0.0,0.0,0.0,0.0,0.0,0.0,0.0,0.0,0.0,0.0,0.0,0.0,0.0,0.0,0.0,0.0,0.0,0.0,0.0,0.0,0.0,0.0,0.0,0.0,0.0,0.0,0.0,0.0,0.0,0.0,0.0,0.0,0.0,0.0,0.0,0.0,0.0,0.0],"memory":3680,"params":["Parameters",{"gctrial":true,"time_tolerance":0.05,"evals_set":false,"samples":10000,"evals":1,"gcsample":false,"seconds":5.0,"overhead":0.0,"memory_tolerance":0.01}],"times":[1.20036305e8,1.19480971e8,1.19437406e8,1.21847447e8,1.19749507e8,1.19370386e8,1.19414486e8,1.18955295e8,1.20400793e8,1.19700503e8,1.20208012e8,1.19611502e8,1.20101251e8,1.19243256e8,1.19010059e8,1.18162291e8,1.20716396e8,1.19513281e8,1.19069897e8,1.19588869e8,1.19807275e8,1.19238705e8,1.19806588e8,1.19145236e8,1.22327267e8,1.24014833e8,1.19330438e8,1.19454726e8,1.19511664e8,1.19366814e8,1.19303869e8,1.20144575e8,1.19666998e8,1.19164642e8,1.21917314e8,1.19868317e8,1.20024244e8,1.19589995e8,1.1929259e8,1.19753585e8,1.20642108e8,1.19832103e8]}],["Trial",{"allocs":11,"gctimes":[0.0,0.0,0.0,0.0,0.0,0.0,0.0,0.0,0.0,0.0,0.0,0.0,0.0,0.0],"memory":3680,"params":["Parameters",{"gctrial":true,"time_tolerance":0.05,"evals_set":false,"samples":10000,"evals":1,"gcsample":false,"seconds":5.0,"overhead":0.0,"memory_tolerance":0.01}],"times":[3.69418085e8,3.68749611e8,3.68857557e8,3.79022126e8,3.76271867e8,3.68412848e8,3.69792225e8,3.70943347e8,3.70489792e8,3.72542515e8,3.70875232e8,3.68807515e8,3.70113163e8,3.68237452e8]}],["Trial",{"allocs":11,"gctimes":[0.0,0.0,0.0,0.0,0.0],"memory":3680,"params":["Parameters",{"gctrial":true,"time_tolerance":0.05,"evals_set":false,"samples":10000,"evals":1,"gcsample":false,"seconds":5.0,"overhead":0.0,"memory_tolerance":0.01}],"times":[1.159544337e9,1.161740617e9,1.161015597e9,1.187031635e9,1.167999062e9]}],["Trial",{"allocs":11,"gctimes":[0.0,0.0],"memory":3680,"params":["Parameters",{"gctrial":true,"time_tolerance":0.05,"evals_set":false,"samples":10000,"evals":1,"gcsample":false,"seconds":5.0,"overhead":0.0,"memory_tolerance":0.01}],"times":[3.667159972e9,3.658010314e9]}],["Trial",{"allocs":11,"gctimes":[0.0],"memory":3680,"params":["Parameters",{"gctrial":true,"time_tolerance":0.05,"evals_set":false,"samples":10000,"evals":1,"gcsample":false,"seconds":5.0,"overhead":0.0,"memory_tolerance":0.01}],"times":[1.1552053549e10]}],["Trial",{"allocs":11,"gctimes":[0.0],"memory":3680,"params":["Parameters",{"gctrial":true,"time_tolerance":0.05,"evals_set":false,"samples":10000,"evals":1,"gcsample":false,"seconds":5.0,"overhead":0.0,"memory_tolerance":0.01}],"times":[3.6484500546e10]}]],"medians":[40.6657345,119.6007485,369.952694,1161.740617,3662.585143,11552.053549,36484.500546]}