{"lengs":[10.0,100.0,1000.0],"benchmarks":[["Trial",{"allocs":11,"gctimes":[0.0,0.0,0.0,0.0,0.0,0.0,0.0,0.0,0.0,0.0,0.0,0.0,0.0,0.0,0.0,0.0,0.0,0.0,0.0,0.0,0.0,0.0,0.0,0.0,0.0,0.0,0.0,0.0,0.0,0.0,0.0,0.0,0.0,0.0,0.0,0.0,0.0,0.0,0.0,0.0,0.0,0.0,0.0,0.0,0.0,0.0,0.0,0.0,0.0,0.0,0.0,0.0,0.0,0.0,0.0,0.0,0.0,0.0,0.0,0.0,0.0,0.0,0.0,0.0,0.0,0.0,0.0,0.0,0.0,0.0,0.0,0.0,0.0,0.0,0.0,0.0,0.0,0.0,0.0,0.0,0.0,0.0,0.0,0.0,0.0,0.0,0.0,0.0,0.0,0.0],"memory":2144,"params":["Parameters",{"gctrial":true,"time_tolerance":0.05,"evals_set":false,"samples":10000,"evals":1,"gcsample":false,"seconds":5.0,"overhead":0.0,"memory_tolerance":0.01}],"times":[6.0659335e7,5.6369903e7,5.578197e7,5.5047052e7,5.8204086e7,5.5119053e7,5.5249529e7,5.5404699e7,5.4842639e7,5.5333834e7,5.5205507e7,5.5012892e7,5.5319128e7,5.5181878e7,5.5360501e7,5.5395804e7,5.6068941e7,5.5770565e7,5.5249551e7,5.4617614e7,5.5945081e7,5.539332e7,5.5116021e7,5.5479564e7,5.5346877e7,5.5844733e7,5.5598621e7,5.5749466e7,5.5570675e7,5.6199148e7,5.5656638e7,5.5703079e7,5.5592369e7,5.5530245e7,5.5088832e7,5.5807315e7,5.6138499e7,5.5950551e7,5.5312042e7,5.5303347e7,5.5363137e7,5.5377921e7,5.5517848e7,5.4922986e7,5.5001795e7,5.5135969e7,5.5606476e7,5.5118691e7,5.4868998e7,5.5648699e7,5.5117285e7,5.6726066e7,5.4762115e7,5.5124428e7,5.5207526e7,5.5149212e7,5.5065461e7,5.5126659e7,5.5667723e7,5.5436044e7,5.6257272e7,5.5558923e7,5.5638137e7,5.5526717e7,5.4570313e7,5.5190868e7,5.5740457e7,5.5244163e7,5.5216264e7,5.5904215e7,5.5480907e7,5.5949928e7,5.5399414e7,5.4776196e7,5.53667e7,5.5132524e7,5.5012007e7,5.5675466e7,5.5384428e7,5.4934521e7,5.5731427e7,5.5342486e7,5.5423848e7,5.5875961e7,5.5294787e7,5.5136385e7,5.5656688e7,5.6057189e7,5.4854158e7,5.5056541e7]}],["Trial",{"allocs":11,"gctimes":[0.0,0.0,0.0,0.0,0.0,0.0,0.0,0.0,0.0,0.0],"memory":2144,"params":["Parameters",{"gctrial":true,"time_tolerance":0.05,"evals_set":false,"samples":10000,"evals":1,"gcsample":false,"seconds":5.0,"overhead":0.0,"memory_tolerance":0.01}],"times":[5.38192432e8,5.4095272e8,5.3964372e8,5.46022244e8,5.38226623e8,5.3917787e8,5.43279061e8,5.40845284e8,5.38806223e8,5.38233135e8]}],["Trial",{"allocs":11,"gctimes":[0.0],"memory":2144,"params":["Parameters",{"gctrial":true,"time_tolerance":0.05,"evals_set":false,"samples":10000,"evals":1,"gcsample":false,"seconds":5.0,"overhead":0.0,"memory_tolerance":0.01}],"times":[5.391759691e9]}]],"medians":[55.3811745,539.410795,5391.759691]}