{"lengs":[10.0,100.0,1000.0],"benchmarks":[["Trial",{"allocs":11,"gctimes":[0.0,0.0,0.0,0.0,0.0,0.0,0.0,0.0,0.0,0.0,0.0,0.0,0.0,0.0,0.0,0.0,0.0,0.0],"memory":8528,"params":["Parameters",{"gctrial":true,"time_tolerance":0.05,"evals_set":false,"samples":10000,"evals":1,"gcsample":false,"seconds":5.0,"overhead":0.0,"memory_tolerance":0.01}],"times":[2.85180803e8,2.88698993e8,2.90482551e8,2.88783482e8,2.94823487e8,2.8932411e8,2.90234382e8,2.87834228e8,2.86619551e8,2.86811929e8,2.9007195e8,2.88401162e8,2.88580169e8,2.87285281e8,2.86861234e8,2.88533317e8,2.91668709e8,2.87166401e8]}],["Trial",{"allocs":11,"gctimes":[0.0,0.0],"memory":8528,"params":["Parameters",{"gctrial":true,"time_tolerance":0.05,"evals_set":false,"samples":10000,"evals":1,"gcsample":false,"seconds":5.0,"overhead":0.0,"memory_tolerance":0.01}],"times":[2.870602178e9,2.861856946e9]}],["Trial",{"allocs":11,"gctimes":[0.0],"memory":8528,"params":["Parameters",{"gctrial":true,"time_tolerance":0.05,"evals_set":false,"samples":10000,"evals":1,"gcsample":false,"seconds":5.0,"overhead":0.0,"memory_tolerance":0.01}],"times":[2.8599918486e10]}]],"medians":[288.556743,2866.229562,28599.918486]}