{"lengs":[10.0,21.544346900318832,46.4158883361278,100.0,215.44346900318845,464.15888336127773,1000.0],"benchmarks":[["Trial",{"allocs":14,"gctimes":[0.0,0.0,0.0,0.0,0.0,0.0,0.0,0.0,0.0,0.0,0.0,0.0,0.0,0.0,0.0,0.0,0.0,0.0,0.0,0.0,0.0,0.0,0.0,0.0,0.0,0.0,0.0,0.0,0.0,0.0,0.0,0.0,0.0,0.0,0.0,0.0,0.0,0.0,0.0,0.0,0.0,0.0,0.0,0.0,0.0,0.0,0.0,0.0,0.0,0.0,0.0,0.0,0.0,0.0,0.0,0.0,0.0,0.0,0.0,0.0,0.0,0.0,0.0,0.0,0.0,0.0,0.0,0.0,0.0,0.0,0.0,0.0,0.0,0.0,0.0,0.0,0.0,0.0,0.0,0.0,0.0,0.0,0.0,0.0,0.0,0.0,0.0,0.0,0.0,0.0,0.0,0.0,0.0,0.0,0.0,0.0,0.0,0.0,0.0,0.0,0.0,0.0,0.0,0.0,0.0,0.0,0.0,0.0,0.0,0.0,0.0,0.0,0.0,0.0,0.0,0.0,0.0,0.0,0.0,0.0,0.0,0.0,0.0,0.0,0.0,0.0,0.0,0.0,0.0,0.0,0.0,0.0,0.0,0.0,0.0,0.0,0.0,0.0,0.0,0.0,0.0,0.0,0.0,0.0,0.0,0.0,0.0,0.0,0.0,0.0,0.0,0.0,0.0,0.0,0.0,0.0,0.0,0.0,0.0,0.0,0.0,0.0,0.0,0.0,0.0,0.0,0.0,0.0,0.0,0.0,0.0,0.0,0.0,0.0,0.0,0.0,0.0,0.0,0.0,0.0,0.0,0.0,0.0,0.0,0.0,0.0,0.0,0.0,0.0,0.0,0.0,0.0,0.0,0.0,0.0,0.0,0.0,0.0,0.0,0.0,0.0,0.0,0.0,0.0,0.0,0.0,0.0,0.0,0.0,0.0,0.0,0.0,0.0],"memory":91808,"params":["Parameters",{"gctrial":true,"time_tolerance":0.05,"evals_set":false,"samples":10000,"evals":1,"gcsample":false,"seconds":5.0,"overhead":0.0,"memory_tolerance":0.01}],"times":[2.4442681e7,2.5446867e7,2.504511e7,2.3501601e7,1.9054199e7,2.1281911e7,2.0071424e7,2.1760609e7,2.7148298e7,2.1712669e7,2.6162923e7,2.2810747e7,2.8524781e7,2.319089e7,2.422352e7,2.582429e7,2.7226749e7,2.5421686e7,2.15505e7,2.4052357e7,2.5241709e7,2.3953809e7,2.4248694e7,2.3299497e7,2.1897369e7,2.3112869e7,2.5002311e7,1.7889221e7,2.3051876e7,2.6246033e7,2.6301263e7,2.3801017e7,2.0329017e7,2.4060672e7,2.1312636e7,2.27196e7,1.9599525e7,2.3710052e7,2.3410503e7,2.3760727e7,2.1258999e7,2.360197e7,2.3035901e7,2.4082327e7,2.5716854e7,2.6611854e7,2.4644823e7,2.2696186e7,2.283143e7,2.1438557e7,2.8082958e7,2.4991456e7,2.6869234e7,2.2525733e7,2.0637311e7,2.350314e7,2.002144e7,2.0669887e7,2.5366623e7,2.5587425e7,2.2292999e7,2.4415752e7,2.0162319e7,2.5571398e7,2.4634239e7,2.3836447e7,2.1727074e7,2.2249028e7,2.1692275e7,2.0411739e7,2.4744093e7,2.1857532e7,2.2099281e7,2.4520112e7,2.6093173e7,2.0929164e7,2.0525696e7,2.8419957e7,2.5147425e7,2.4080018e7,2.2317277e7,2.4292303e7,2.4390857e7,2.3714914e7,1.886451e7,2.5255554e7,2.1904227e7,2.5503466e7,2.4962762e7,2.2673865e7,1.9967197e7,2.22532e7,1.7602158e7,2.2850812e7,2.3512612e7,2.3012839e7,2.4369291e7,2.2143405e7,2.2773752e7,2.1904628e7,2.3100649e7,2.4791734e7,2.46256e7,1.8489131e7,2.3235265e7,2.4343439e7,1.7471944e7,2.2905731e7,2.650911e7,2.701108e7,2.2108411e7,2.4674131e7,2.6213636e7,2.142611e7,1.9373927e7,2.5639098e7,2.0097818e7,2.6597056e7,2.2801601e7,2.1527147e7,2.4700748e7,2.4669595e7,2.1705382e7,2.6832716e7,2.5610978e7,2.3897165e7,2.4426643e7,2.0534726e7,1.9522446e7,2.025866e7,1.9809394e7,2.6409364e7,2.6073899e7,2.4826592e7,2.0738181e7,2.3964802e7,2.6056465e7,2.326489e7,2.2602356e7,2.1192841e7,1.9735914e7,2.6053314e7,2.5176362e7,2.4703494e7,2.095005e7,2.2448278e7,2.8056171e7,2.5928477e7,1.877815e7,2.2835865e7,2.2155516e7,2.3555436e7,2.4870786e7,2.5381567e7,2.017339e7,1.8236432e7,2.2239526e7,2.5287485e7,2.5746208e7,2.2628736e7,2.8150373e7,2.3602553e7,2.1844576e7,2.1908341e7,2.4960132e7,2.416181e7,2.4991181e7,1.8234803e7,2.2738043e7,2.0458061e7,2.7425139e7,2.5986012e7,2.2900872e7,2.027966e7,3.0611907e7,1.7905709e7,2.4770279e7,2.0991345e7,2.1478637e7,2.5896517e7,2.3073747e7,2.2048873e7,2.1416387e7,1.8148615e7,2.3760758e7,2.5783606e7,2.4926387e7,2.3324811e7,2.2040148e7,2.0343306e7,2.5291881e7,2.3038832e7,2.6928621e7,2.2095505e7,2.473522e7,2.6976956e7,2.5815723e7,2.4337656e7,2.1286446e7,2.6327007e7,2.3073683e7,2.3588308e7,2.0592645e7,2.2858826e7,2.3724143e7,2.4031483e7,2.2510231e7,1.9276008e7,2.02113e7,2.1629139e7,2.2869053e7,2.1777754e7,2.5044989e7]}],["Trial",{"allocs":14,"gctimes":[0.0,0.0,0.0,0.0,0.0,0.0,0.0,0.0,0.0,0.0,0.0,0.0,0.0,0.0,0.0,0.0,0.0,0.0,0.0,0.0,0.0,0.0,0.0,0.0,0.0,0.0,0.0,0.0,0.0,0.0,0.0,0.0,0.0,0.0,0.0,0.0,0.0,0.0,0.0,0.0,0.0,0.0,0.0,0.0,0.0,0.0,0.0,0.0,0.0,0.0,0.0,0.0,0.0,0.0,0.0,0.0,0.0,0.0,0.0,0.0,0.0,0.0,0.0,0.0,0.0,0.0,0.0,0.0,0.0,0.0,0.0,0.0],"memory":91808,"params":["Parameters",{"gctrial":true,"time_tolerance":0.05,"evals_set":false,"samples":10000,"evals":1,"gcsample":false,"seconds":5.0,"overhead":0.0,"memory_tolerance":0.01}],"times":[6.9873648e7,8.8489715e7,7.3088106e7,6.0200335e7,7.1727707e7,6.3386066e7,6.6594213e7,6.1167473e7,7.5703817e7,6.8326656e7,6.9695736e7,6.9323856e7,7.0311424e7,6.5129913e7,7.1991052e7,8.1957002e7,7.5478442e7,6.8677051e7,7.0178523e7,7.101792e7,6.6872256e7,6.7266271e7,6.5716978e7,5.3615627e7,6.9765582e7,8.1548564e7,6.0872627e7,7.3402221e7,6.9781003e7,7.4209326e7,7.4720919e7,6.6649343e7,6.8027857e7,6.7221272e7,7.5632154e7,7.5418004e7,7.9823826e7,7.6564051e7,7.698142e7,6.8342115e7,6.550815e7,7.4230131e7,7.9590048e7,6.5324517e7,6.9610786e7,6.3843583e7,6.3530298e7,7.2585826e7,6.8943784e7,7.2829899e7,6.3328992e7,6.1173271e7,6.8058742e7,6.1532261e7,6.83905e7,8.0744505e7,6.5750326e7,8.3060049e7,7.3534495e7,6.8522495e7,6.7703944e7,7.8744923e7,7.1589894e7,7.5186104e7,7.3318322e7,6.4057902e7,6.9738392e7,7.2544276e7,6.4355996e7,6.7241654e7,5.8945376e7,6.5438741e7]}],["Trial",{"allocs":14,"gctimes":[0.0,0.0,0.0,0.0,0.0,0.0,0.0,0.0,0.0,0.0,0.0,0.0,0.0,0.0,0.0,0.0,0.0,0.0,0.0,0.0,0.0,0.0,0.0,0.0,0.0,0.0],"memory":91808,"params":["Parameters",{"gctrial":true,"time_tolerance":0.05,"evals_set":false,"samples":10000,"evals":1,"gcsample":false,"seconds":5.0,"overhead":0.0,"memory_tolerance":0.01}],"times":[2.02840315e8,1.87345702e8,1.93066794e8,2.05530068e8,2.0382162e8,2.05564181e8,2.10520092e8,1.93839045e8,1.9983505e8,2.01592775e8,1.94821376e8,1.87879679e8,2.20777162e8,2.02148665e8,1.94237672e8,1.82390304e8,1.8906425e8,1.97384477e8,2.07534925e8,2.07487546e8,2.00696717e8,1.93182978e8,1.92815749e8,2.00656299e8,2.08822488e8,2.03176873e8]}],["Trial",{"allocs":14,"gctimes":[0.0,0.0,0.0,0.0,0.0,0.0,0.0,0.0,0.0,0.0],"memory":91808,"params":["Parameters",{"gctrial":true,"time_tolerance":0.05,"evals_set":false,"samples":10000,"evals":1,"gcsample":false,"seconds":5.0,"overhead":0.0,"memory_tolerance":0.01}],"times":[4.93852302e8,5.00850665e8,5.05694894e8,5.20295828e8,5.12916908e8,4.98812818e8,5.19347316e8,4.81515679e8,4.88991089e8,5.09296193e8]}],["Trial",{"allocs":14,"gctimes":[0.0,0.0,0.0,0.0,0.0],"memory":91808,"params":["Parameters",{"gctrial":true,"time_tolerance":0.05,"evals_set":false,"samples":10000,"evals":1,"gcsample":false,"seconds":5.0,"overhead":0.0,"memory_tolerance":0.01}],"times":[1.180306805e9,1.186606218e9,1.216048923e9,1.168245896e9,1.140254316e9]}],["Trial",{"allocs":14,"gctimes":[0.0,0.0],"memory":91808,"params":["Parameters",{"gctrial":true,"time_tolerance":0.05,"evals_set":false,"samples":10000,"evals":1,"gcsample":false,"seconds":5.0,"overhead":0.0,"memory_tolerance":0.01}],"times":[2.592673177e9,2.590089082e9]}],["Trial",{"allocs":14,"gctimes":[0.0],"memory":91808,"params":["Parameters",{"gctrial":true,"time_tolerance":0.05,"evals_set":false,"samples":10000,"evals":1,"gcsample":false,"seconds":5.0,"overhead":0.0,"memory_tolerance":0.01}],"times":[5.647457374e9]}]],"medians":[23.324811,69.653261,200.676508,503.2727795,1180.306805,2591.3811295,5647.457374]}