{"lengs":[10.0,100.0,1000.0],"benchmarks":[["Trial",{"allocs":11,"gctimes":[0.0,0.0,0.0,0.0,0.0,0.0,0.0,0.0,0.0,0.0,0.0,0.0,0.0,0.0,0.0,0.0,0.0,0.0,0.0,0.0,0.0,0.0,0.0,0.0,0.0,0.0,0.0,0.0,0.0,0.0,0.0,0.0,0.0,0.0,0.0,0.0,0.0,0.0,0.0,0.0,0.0,0.0,0.0,0.0,0.0,0.0,0.0,0.0,0.0,0.0,0.0,0.0,0.0,0.0,0.0,0.0,0.0,0.0,0.0,0.0,0.0,0.0,0.0,0.0,0.0,0.0,0.0,0.0,0.0,0.0,0.0,0.0,0.0,0.0,0.0,0.0,0.0,0.0,0.0,0.0,0.0,0.0,0.0,0.0,0.0,0.0,0.0,0.0,0.0,0.0,0.0,0.0,0.0,0.0,0.0,0.0,0.0,0.0,0.0,0.0,0.0,0.0,0.0,0.0,0.0,0.0,0.0,0.0,0.0,0.0,0.0,0.0,0.0,0.0,0.0,0.0,0.0,0.0,0.0,0.0,0.0,0.0,0.0,0.0,0.0],"memory":2144,"params":["Parameters",{"gctrial":true,"time_tolerance":0.05,"evals_set":false,"samples":10000,"evals":1,"gcsample":false,"seconds":5.0,"overhead":0.0,"memory_tolerance":0.01}],"times":[4.0324765e7,4.0674871e7,3.9695623e7,4.1913977e7,3.9623309e7,3.9893587e7,3.9586107e7,4.0015436e7,3.989316e7,3.9685447e7,3.9558552e7,3.9815406e7,3.9658854e7,4.0059417e7,3.9692482e7,4.0111469e7,3.9552556e7,3.9718559e7,3.9868088e7,4.0165019e7,4.0178768e7,3.9869965e7,3.985087e7,3.993742e7,3.980768e7,3.9909214e7,3.999637e7,3.9710972e7,4.0079281e7,3.9697476e7,3.9580079e7,4.0033446e7,3.9565861e7,3.9530044e7,3.9745114e7,3.9892036e7,4.0064038e7,3.9805516e7,3.9951342e7,3.9649267e7,3.9673595e7,3.9486586e7,3.9496788e7,3.9730835e7,4.0010085e7,3.9354975e7,3.9986943e7,3.9570929e7,3.9597361e7,3.9995096e7,3.9521496e7,4.0182977e7,3.9725105e7,3.9494346e7,3.9812305e7,3.965218e7,3.9374382e7,4.1813021e7,3.9602771e7,3.9226826e7,3.9991326e7,3.9685688e7,3.9750635e7,3.9799274e7,3.9859214e7,3.9847997e7,3.9348432e7,3.9958971e7,3.9870512e7,4.0226496e7,3.9997729e7,4.0083617e7,3.9888636e7,3.971881e7,3.9675601e7,3.9957818e7,3.9673171e7,3.9687279e7,3.9655337e7,3.9588212e7,3.9415506e7,3.9739539e7,3.9905808e7,3.9519052e7,3.959087e7,3.9332403e7,3.9696715e7,3.9666832e7,3.9870807e7,3.9368616e7,3.9785379e7,3.9986379e7,3.9754265e7,3.9638564e7,3.9948939e7,3.9974718e7,3.9706375e7,3.9810353e7,4.0023326e7,3.975476e7,3.974269e7,3.9660686e7,3.9864486e7,3.9868107e7,4.010336e7,3.970994e7,3.9762998e7,4.0077581e7,4.0105139e7,4.004323e7,3.9950382e7,4.0350484e7,4.0218094e7,4.02879e7,3.9998872e7,3.950237e7,3.986896e7,3.9554184e7,3.948338e7,3.9709159e7,3.9679639e7,3.9708084e7,3.9952797e7,3.9840511e7,3.9870278e7]}],["Trial",{"allocs":11,"gctimes":[0.0,0.0,0.0,0.0,0.0,0.0,0.0,0.0,0.0,0.0,0.0,0.0,0.0],"memory":2144,"params":["Parameters",{"gctrial":true,"time_tolerance":0.05,"evals_set":false,"samples":10000,"evals":1,"gcsample":false,"seconds":5.0,"overhead":0.0,"memory_tolerance":0.01}],"times":[3.93440159e8,3.86735172e8,3.86865212e8,3.88040959e8,3.90973527e8,3.92904797e8,3.87098022e8,3.88105926e8,3.87619404e8,3.86267039e8,3.84218587e8,3.83920673e8,3.85753983e8]}],["Trial",{"allocs":11,"gctimes":[0.0,0.0],"memory":2144,"params":["Parameters",{"gctrial":true,"time_tolerance":0.05,"evals_set":false,"samples":10000,"evals":1,"gcsample":false,"seconds":5.0,"overhead":0.0,"memory_tolerance":0.01}],"times":[3.918324883e9,3.850320055e9]}]],"medians":[39.799274,387.098022,3884.322469]}