{"lengs":[10.0,100.0,1000.0],"benchmarks":[["Trial",{"allocs":11,"gctimes":[0.0,0.0,0.0,0.0,0.0,0.0,0.0,0.0,0.0,0.0,0.0,0.0,0.0,0.0,0.0,0.0,0.0,0.0,0.0,0.0,0.0,0.0,0.0,0.0,0.0,0.0,0.0,0.0,0.0,0.0,0.0,0.0,0.0,0.0,0.0,0.0,0.0,0.0,0.0,0.0,0.0,0.0,0.0,0.0,0.0,0.0,0.0,0.0,0.0,0.0,0.0,0.0,0.0,0.0,0.0,0.0,0.0,0.0,0.0,0.0,0.0,0.0,0.0,0.0,0.0,0.0,0.0,0.0,0.0,0.0,0.0,0.0,0.0,0.0,0.0,0.0,0.0,0.0,0.0,0.0,0.0,0.0,0.0,0.0,0.0,0.0,0.0,0.0,0.0,0.0,0.0,0.0,0.0,0.0,0.0,0.0,0.0,0.0,0.0,0.0,0.0,0.0,0.0,0.0,0.0,0.0,0.0,0.0,0.0,0.0,0.0,0.0,0.0,0.0,0.0,0.0,0.0,0.0,0.0,0.0,0.0,0.0,0.0,0.0,0.0,0.0],"memory":2144,"params":["Parameters",{"gctrial":true,"time_tolerance":0.05,"evals_set":false,"samples":10000,"evals":1,"gcsample":false,"seconds":5.0,"overhead":0.0,"memory_tolerance":0.01}],"times":[3.8844724e7,5.4430177e7,3.8589031e7,3.8584622e7,3.9114721e7,3.8642778e7,3.8900516e7,3.8880027e7,3.8824058e7,3.8622651e7,3.9352292e7,3.8873231e7,3.9490295e7,3.9415592e7,3.9508669e7,3.9365128e7,3.9925033e7,3.9812416e7,4.0111563e7,3.9284193e7,3.9523386e7,3.9454534e7,3.9130337e7,3.9267476e7,3.9003053e7,3.8642998e7,3.9014292e7,3.9018592e7,3.9059698e7,3.9031203e7,3.8926687e7,3.9563942e7,3.8952672e7,3.9047234e7,3.9295814e7,3.9363698e7,3.9193974e7,3.9598149e7,4.0912464e7,3.9336366e7,3.9494217e7,3.9974261e7,3.9969462e7,3.9976975e7,3.9227471e7,3.9464096e7,3.9156951e7,3.9765388e7,3.955038e7,3.9658193e7,3.9822563e7,3.9881101e7,3.9606288e7,3.9382831e7,3.9193746e7,3.982679e7,3.9596043e7,3.9542447e7,3.9462083e7,3.9135373e7,3.9244077e7,3.9166166e7,3.9277862e7,3.882446e7,3.8803143e7,3.8719683e7,3.9165814e7,3.9259604e7,3.9507106e7,3.960519e7,3.9148922e7,3.943728e7,3.9520573e7,3.9593964e7,3.9099132e7,3.9717555e7,3.919448e7,3.9437651e7,3.9213717e7,3.8844573e7,3.903028e7,3.8715137e7,3.8582434e7,3.8782069e7,3.8691107e7,3.9056362e7,3.8826506e7,3.8892748e7,3.8703362e7,3.863004e7,3.891457e7,3.9321546e7,4.0609252e7,3.8777742e7,3.8588804e7,3.8728467e7,3.9034622e7,3.8642202e7,3.8593849e7,3.8461411e7,3.8880403e7,3.8847001e7,3.8638741e7,3.8698164e7,3.8765101e7,3.8675988e7,3.9176428e7,3.9005989e7,3.9026736e7,3.8494868e7,3.8730823e7,3.9090496e7,3.9069789e7,3.8698576e7,3.8898933e7,3.9252117e7,3.9005141e7,3.8908232e7,3.8678952e7,3.8787192e7,3.8797991e7,3.8601214e7,3.9027469e7,3.8559401e7,3.8767659e7,3.9118921e7]}],["Trial",{"allocs":11,"gctimes":[0.0,0.0,0.0,0.0,0.0,0.0,0.0,0.0,0.0,0.0,0.0,0.0,0.0,0.0],"memory":2144,"params":["Parameters",{"gctrial":true,"time_tolerance":0.05,"evals_set":false,"samples":10000,"evals":1,"gcsample":false,"seconds":5.0,"overhead":0.0,"memory_tolerance":0.01}],"times":[3.80643857e8,3.85468945e8,3.80463655e8,3.79751883e8,3.81862085e8,3.82585405e8,3.82945924e8,3.81474378e8,3.78154876e8,3.78827746e8,3.83459646e8,3.82382973e8,3.84329154e8,3.80222987e8]}],["Trial",{"allocs":11,"gctimes":[0.0,0.0],"memory":2144,"params":["Parameters",{"gctrial":true,"time_tolerance":0.05,"evals_set":false,"samples":10000,"evals":1,"gcsample":false,"seconds":5.0,"overhead":0.0,"memory_tolerance":0.01}],"times":[3.811783596e9,3.820323328e9]}]],"medians":[39.094814,381.6682315,3816.053462]}