{"lengs":[10.0,31.622776601683793,100.0,316.22776601683796,1000.0,3162.2776601683795,10000.0],"benchmarks":[["Trial",{"allocs":11,"gctimes":[0.0,0.0,0.0,0.0,0.0,0.0,0.0,0.0,0.0,0.0,0.0,0.0,0.0,0.0,0.0,0.0,0.0,0.0,0.0,0.0,0.0,0.0,0.0,0.0,0.0,0.0,0.0,0.0,0.0,0.0,0.0,0.0,0.0,0.0,0.0,0.0,0.0,0.0,0.0,0.0,0.0,0.0,0.0,0.0,0.0,0.0,0.0,0.0,0.0,0.0,0.0],"memory":3680,"params":["Parameters",{"gctrial":true,"time_tolerance":0.05,"evals_set":false,"samples":10000,"evals":1,"gcsample":false,"seconds":5.0,"overhead":0.0,"memory_tolerance":0.01}],"times":[1.03029991e8,9.7770915e7,9.7155268e7,9.6578592e7,9.7058224e7,9.7428146e7,9.7530423e7,9.7578354e7,9.7390994e7,9.6481386e7,9.6970782e7,9.7656955e7,9.6597937e7,9.7781008e7,9.6845118e7,9.7811871e7,9.6623243e7,9.7627216e7,9.7798409e7,9.6560678e7,9.7078012e7,9.7033174e7,9.6930205e7,9.7074483e7,9.7590816e7,9.8355879e7,9.7134541e7,9.6727672e7,9.7188072e7,9.6928557e7,9.7109307e7,9.7957199e7,9.7013157e7,9.6805688e7,9.7236569e7,9.7268866e7,9.7678094e7,9.7704109e7,9.6937716e7,9.7283139e7,9.7729106e7,9.8243258e7,9.7585712e7,9.6745816e7,9.7486531e7,9.7343125e7,9.6808546e7,9.785544e7,9.7202499e7,9.7550666e7,9.7022421e7]}],["Trial",{"allocs":11,"gctimes":[0.0,0.0,0.0,0.0,0.0,0.0,0.0,0.0,0.0,0.0,0.0,0.0,0.0,0.0,0.0,0.0,0.0],"memory":3680,"params":["Parameters",{"gctrial":true,"time_tolerance":0.05,"evals_set":false,"samples":10000,"evals":1,"gcsample":false,"seconds":5.0,"overhead":0.0,"memory_tolerance":0.01}],"times":[3.0048579e8,3.01349685e8,3.05713964e8,3.01668429e8,2.99574603e8,3.02805961e8,3.02165637e8,3.01020731e8,3.01106286e8,3.02791563e8,3.02636652e8,3.02507272e8,3.01439894e8,3.03224782e8,3.01318116e8,3.01167976e8,3.00481826e8]}],["Trial",{"allocs":11,"gctimes":[0.0,0.0,0.0,0.0,0.0,0.0],"memory":3680,"params":["Parameters",{"gctrial":true,"time_tolerance":0.05,"evals_set":false,"samples":10000,"evals":1,"gcsample":false,"seconds":5.0,"overhead":0.0,"memory_tolerance":0.01}],"times":[9.49446489e8,9.43172898e8,9.48576454e8,9.40914621e8,9.41943763e8,9.44177408e8]}],["Trial",{"allocs":11,"gctimes":[0.0,0.0],"memory":3680,"params":["Parameters",{"gctrial":true,"time_tolerance":0.05,"evals_set":false,"samples":10000,"evals":1,"gcsample":false,"seconds":5.0,"overhead":0.0,"memory_tolerance":0.01}],"times":[2.970174764e9,2.959561208e9]}],["Trial",{"allocs":11,"gctimes":[0.0],"memory":3680,"params":["Parameters",{"gctrial":true,"time_tolerance":0.05,"evals_set":false,"samples":10000,"evals":1,"gcsample":false,"seconds":5.0,"overhead":0.0,"memory_tolerance":0.01}],"times":[9.404105673e9]}],["Trial",{"allocs":11,"gctimes":[0.0],"memory":3680,"params":["Parameters",{"gctrial":true,"time_tolerance":0.05,"evals_set":false,"samples":10000,"evals":1,"gcsample":false,"seconds":5.0,"overhead":0.0,"memory_tolerance":0.01}],"times":[2.9534778775e10]}],["Trial",{"allocs":11,"gctimes":[0.0],"memory":3680,"params":["Parameters",{"gctrial":true,"time_tolerance":0.05,"evals_set":false,"samples":10000,"evals":1,"gcsample":false,"seconds":5.0,"overhead":0.0,"memory_tolerance":0.01}],"times":[9.3960389444e10]}]],"medians":[97.236569,301.439894,943.675153,2964.867986,9404.105673,29534.778775,93960.389444]}