{"lengs":[10.0,100.0,1000.0],"benchmarks":[["Trial",{"allocs":11,"gctimes":[0.0,0.0,0.0,0.0,0.0,0.0,0.0,0.0,0.0,0.0,0.0,0.0,0.0,0.0,0.0,0.0,0.0,0.0,0.0,0.0,0.0,0.0,0.0,0.0,0.0,0.0,0.0,0.0,0.0,0.0,0.0,0.0,0.0,0.0,0.0,0.0,0.0,0.0,0.0,0.0,0.0,0.0,0.0,0.0,0.0,0.0,0.0,0.0,0.0,0.0,0.0,0.0,0.0,0.0,0.0,0.0,0.0,0.0,0.0,0.0,0.0,0.0,0.0,0.0,0.0,0.0,0.0,0.0,0.0,0.0,0.0,0.0,0.0,0.0,0.0,0.0,0.0,0.0,0.0,0.0,0.0,0.0,0.0,0.0,0.0,0.0,0.0,0.0,0.0],"memory":2144,"params":["Parameters",{"gctrial":true,"time_tolerance":0.05,"evals_set":false,"samples":10000,"evals":1,"gcsample":false,"seconds":5.0,"overhead":0.0,"memory_tolerance":0.01}],"times":[5.8349816e7,5.5991993e7,5.6047727e7,5.5918454e7,5.6022906e7,5.5501561e7,5.594491e7,5.6037667e7,5.5596692e7,5.6311757e7,5.5828023e7,5.6303713e7,5.6471048e7,5.610287e7,5.5732503e7,5.5879201e7,5.6239597e7,5.6305772e7,5.6466744e7,5.6435594e7,5.6683121e7,5.8596705e7,5.6423908e7,5.8074974e7,5.571722e7,5.632247e7,5.5999398e7,5.6031064e7,5.6352917e7,5.6207563e7,5.5853887e7,5.615556e7,5.6091043e7,5.5786422e7,5.5730196e7,5.5844977e7,5.5530018e7,5.6199458e7,5.5900056e7,5.6595865e7,5.622705e7,5.6033393e7,5.6211344e7,5.5576937e7,5.589789e7,5.5304141e7,5.6029729e7,5.6100738e7,5.5309939e7,5.5702028e7,5.5699812e7,5.5874542e7,5.5867135e7,5.4893795e7,5.5708915e7,5.545272e7,5.5567104e7,5.5440592e7,5.5732638e7,5.5763249e7,5.4862558e7,5.5840824e7,5.6295407e7,5.5823037e7,5.6588429e7,5.6088566e7,5.6106494e7,5.5500605e7,5.5211365e7,5.623544e7,5.5724138e7,5.6021609e7,5.5924422e7,5.5773349e7,5.571548e7,5.5537227e7,5.6019334e7,5.6133591e7,5.6434062e7,5.6434495e7,5.6195893e7,5.6008659e7,5.5868535e7,5.577874e7,5.599026e7,5.5692886e7,5.4999824e7,5.6433932e7,5.914303e7]}],["Trial",{"allocs":11,"gctimes":[0.0,0.0,0.0,0.0,0.0,0.0,0.0,0.0,0.0,0.0],"memory":2144,"params":["Parameters",{"gctrial":true,"time_tolerance":0.05,"evals_set":false,"samples":10000,"evals":1,"gcsample":false,"seconds":5.0,"overhead":0.0,"memory_tolerance":0.01}],"times":[5.43705978e8,5.48937694e8,5.5219103e8,5.48588827e8,5.48454646e8,5.36197802e8,5.49877986e8,5.46659895e8,5.39671307e8,5.47544885e8]}],["Trial",{"allocs":11,"gctimes":[0.0],"memory":2144,"params":["Parameters",{"gctrial":true,"time_tolerance":0.05,"evals_set":false,"samples":10000,"evals":1,"gcsample":false,"seconds":5.0,"overhead":0.0,"memory_tolerance":0.01}],"times":[5.47019217e9]}]],"medians":[55.991993,547.9997655,5470.19217]}