{"lengs":[10.0,100.0,1000.0],"benchmarks":[["Trial",{"allocs":11,"gctimes":[0.0,0.0,0.0,0.0,0.0,0.0,0.0,0.0,0.0,0.0,0.0,0.0,0.0,0.0,0.0,0.0,0.0,0.0,0.0,0.0,0.0,0.0,0.0,0.0,0.0,0.0,0.0,0.0,0.0,0.0,0.0,0.0,0.0,0.0,0.0,0.0,0.0,0.0,0.0,0.0,0.0,0.0,0.0,0.0,0.0,0.0,0.0,0.0,0.0,0.0,0.0,0.0,0.0,0.0,0.0,0.0,0.0,0.0,0.0,0.0,0.0,0.0,0.0,0.0,0.0,0.0,0.0,0.0,0.0,0.0,0.0,0.0,0.0,0.0,0.0,0.0,0.0,0.0,0.0,0.0,0.0,0.0,0.0,0.0,0.0,0.0,0.0,0.0,0.0,0.0,0.0,0.0,0.0,0.0,0.0,0.0,0.0,0.0,0.0,0.0,0.0,0.0,0.0,0.0,0.0,0.0,0.0,0.0,0.0,0.0,0.0,0.0,0.0,0.0,0.0,0.0,0.0,0.0,0.0,0.0,0.0,0.0,0.0,0.0,0.0,0.0,0.0,0.0,0.0,0.0,0.0,0.0,0.0,0.0,0.0,0.0,0.0,0.0,0.0,0.0,0.0,0.0,0.0,0.0,0.0,0.0,0.0,0.0,0.0,0.0,0.0,0.0,0.0,0.0,0.0,0.0,0.0,0.0,0.0,0.0,0.0,0.0,0.0,0.0,0.0,0.0,0.0,0.0,0.0,0.0,0.0,0.0,0.0,0.0,0.0,0.0,0.0,0.0,0.0,0.0,0.0,0.0,0.0,0.0,0.0,0.0,0.0,0.0,0.0,0.0,0.0,0.0,0.0,0.0,0.0,0.0,0.0,0.0,0.0,0.0,0.0,0.0,0.0,0.0,0.0,0.0,0.0,0.0,0.0,0.0,0.0,0.0,0.0,0.0,0.0,0.0,0.0,0.0,0.0,0.0,0.0,0.0,0.0,0.0,0.0,0.0,0.0,0.0,0.0,0.0,0.0,0.0,0.0,0.0,0.0,0.0,0.0,0.0,0.0,0.0,0.0,0.0,0.0,0.0,0.0,0.0,0.0,0.0,0.0,0.0,0.0,0.0,0.0,0.0,0.0,0.0,0.0,0.0,0.0,0.0,0.0,0.0,0.0,0.0,0.0,0.0,0.0,0.0,0.0,0.0,0.0,0.0,0.0,0.0,0.0,0.0,0.0,0.0,0.0,0.0,0.0,0.0,0.0,0.0,0.0,0.0,0.0,0.0,0.0,0.0,0.0,0.0,0.0,0.0,0.0,0.0,0.0,0.0,0.0,0.0,0.0,0.0,0.0,0.0,0.0,0.0,0.0,0.0,0.0,0.0,0.0,0.0,0.0,0.0,0.0,0.0,0.0,0.0,0.0,0.0,0.0,0.0,0.0,0.0,0.0,0.0,0.0,0.0,0.0,0.0,0.0,0.0,0.0,0.0,0.0,0.0,0.0,0.0,0.0,0.0,0.0,0.0,0.0,0.0,0.0,0.0,0.0,0.0,0.0,0.0,0.0,0.0,0.0,0.0,0.0,0.0,0.0,0.0,0.0,0.0,0.0,0.0,0.0,0.0,0.0,0.0,0.0,0.0,0.0,0.0,0.0,0.0,0.0,0.0,0.0,0.0,0.0,0.0,0.0,0.0,0.0,0.0,0.0,0.0,0.0,0.0,0.0,0.0,0.0,0.0,0.0,0.0,0.0,0.0,0.0,0.0,0.0,0.0,0.0,0.0,0.0,0.0,0.0,0.0,0.0,0.0,0.0,0.0,0.0,0.0,0.0,0.0,0.0,0.0,0.0,0.0,0.0,0.0,0.0,0.0,0.0,0.0,0.0,0.0,0.0,0.0,0.0,0.0,0.0,0.0,0.0,0.0,0.0,0.0,0.0,0.0,0.0,0.0,0.0,0.0,0.0,0.0,0.0,0.0,0.0,0.0,0.0,0.0,0.0,0.0,0.0,0.0,0.0,0.0,0.0,0.0,0.0,0.0,0.0,0.0,0.0,0.0,0.0,0.0,0.0,0.0,0.0,0.0,0.0,0.0,0.0,0.0,0.0,0.0,0.0,0.0,0.0,0.0,0.0,0.0,0.0,0.0,0.0,0.0,0.0,0.0,0.0,0.0,0.0,0.0,0.0,0.0,0.0,0.0,0.0,0.0,0.0,0.0,0.0,0.0,0.0,0.0,0.0,0.0,0.0,0.0,0.0,0.0,0.0,0.0,0.0,0.0,0.0,0.0],"memory":2144,"params":["Parameters",{"gctrial":true,"time_tolerance":0.05,"evals_set":false,"samples":10000,"evals":1,"gcsample":false,"seconds":5.0,"overhead":0.0,"memory_tolerance":0.01}],"times":[9.86432e6,9.768242e6,9.847124e6,9.750769e6,9.71218e6,9.718085e6,9.780635e6,9.916035e6,9.687332e6,9.706795e6,9.727206e6,9.651981e6,9.648557e6,9.74834e6,9.806425e6,9.737041e6,9.607245e6,9.541943e6,9.702206e6,9.752956e6,9.702033e6,9.622263e6,9.826094e6,9.615558e6,9.692223e6,9.68384e6,9.676037e6,9.685239e6,9.558614e6,9.706028e6,9.606371e6,9.682589e6,9.733369e6,9.851895e6,9.644985e6,9.436345e6,9.617945e6,9.672032e6,9.691893e6,9.701143e6,9.626747e6,9.752937e6,9.71015e6,9.620957e6,1.1819321e7,9.711379e6,9.69883e6,9.669744e6,9.573128e6,9.690268e6,9.7658e6,9.584531e6,9.674519e6,9.79591e6,9.778116e6,9.570996e6,9.645131e6,9.687624e6,9.580342e6,1.0115755e7,9.850568e6,9.687021e6,9.828358e6,9.751734e6,9.732713e6,9.745321e6,9.682263e6,9.578779e6,9.521701e6,9.604219e6,9.626294e6,9.733354e6,9.835143e6,9.749823e6,9.55093e6,9.764365e6,9.730381e6,9.733874e6,9.905048e6,9.620243e6,9.608046e6,9.563664e6,9.675405e6,9.590427e6,9.661162e6,9.681611e6,9.821663e6,9.530971e6,1.1159317e7,9.729789e6,9.750468e6,9.817045e6,9.601098e6,9.738139e6,9.619488e6,9.627286e6,9.770306e6,9.742652e6,9.658002e6,9.675863e6,9.754355e6,9.670371e6,9.628395e6,9.749134e6,9.528561e6,9.79363e6,9.609832e6,9.720462e6,9.632549e6,9.713846e6,9.743622e6,9.6545e6,9.550745e6,9.747265e6,9.822455e6,9.617432e6,9.82219e6,9.720467e6,9.609284e6,9.92164e6,9.799321e6,9.600621e6,9.681871e6,9.721852e6,9.604878e6,9.779248e6,9.671643e6,9.506837e6,9.674287e6,9.774621e6,9.637425e6,9.519203e6,9.756936e6,9.561477e6,9.735494e6,9.831251e6,9.672616e6,9.770799e6,9.807006e6,9.763286e6,9.778681e6,9.728243e6,9.661858e6,9.516824e6,9.684643e6,9.757247e6,9.83143e6,9.641229e6,9.601414e6,9.551248e6,9.671349e6,9.740189e6,9.769966e6,9.556615e6,9.761166e6,9.666317e6,9.835005e6,9.598796e6,9.549879e6,9.790841e6,9.673239e6,9.698253e6,9.867422e6,9.695594e6,9.676047e6,9.772096e6,9.765751e6,9.591599e6,9.779609e6,9.540872e6,9.56176e6,9.560877e6,9.700439e6,9.775447e6,9.739883e6,9.70645e6,9.686235e6,9.588009e6,9.678172e6,9.833705e6,9.767082e6,9.697988e6,9.603202e6,9.636577e6,9.607542e6,9.799444e6,9.721165e6,9.667103e6,9.644186e6,9.721407e6,9.948125e6,9.611305e6,9.750807e6,9.662541e6,9.605166e6,9.819752e6,9.42469e6,9.696156e6,9.732906e6,9.683343e6,9.647484e6,9.722743e6,9.579804e6,9.737245e6,9.77172e6,9.671907e6,9.74116e6,9.803048e6,9.710685e6,9.482155e6,9.699003e6,9.80209e6,9.749987e6,9.654425e6,9.628623e6,9.867426e6,9.51761e6,9.641372e6,9.873046e6,9.625954e6,9.541444e6,9.663164e6,9.742584e6,9.683961e6,9.740848e6,9.682045e6,9.869118e6,9.676075e6,9.744726e6,9.751087e6,9.836914e6,9.733803e6,9.784353e6,9.613713e6,9.664658e6,9.64049e6,9.709431e6,9.957014e6,9.561745e6,9.637922e6,9.651505e6,9.670397e6,9.719254e6,9.639211e6,9.544867e6,9.599559e6,9.586528e6,9.735912e6,9.652673e6,9.533238e6,9.712942e6,9.693959e6,9.785648e6,9.74936e6,9.683915e6,9.603807e6,9.732833e6,9.63677e6,9.600921e6,9.898183e6,9.697216e6,9.71385e6,9.553418e6,1.1454452e7,9.638761e6,9.635158e6,9.592772e6,9.730352e6,9.693431e6,9.620604e6,9.451233e6,9.665604e6,9.73144e6,9.713358e6,9.822862e6,9.681026e6,9.679933e6,9.76152e6,9.718359e6,9.956262e6,9.734669e6,9.900894e6,9.914139e6,9.746669e6,9.797295e6,9.715906e6,9.779866e6,9.72474e6,9.738593e6,9.820407e6,9.792736e6,9.762234e6,9.767997e6,9.918837e6,9.739401e6,9.662735e6,9.817437e6,9.678778e6,9.872524e6,9.734745e6,9.87324e6,9.836663e6,9.613461e6,9.803611e6,9.664048e6,9.741795e6,9.729363e6,9.733455e6,9.676378e6,9.709685e6,9.701349e6,9.593642e6,9.68605e6,9.649979e6,9.717121e6,9.71009e6,9.613245e6,9.641125e6,9.722755e6,9.68207e6,9.724624e6,9.885192e6,9.720631e6,9.692977e6,9.649877e6,9.634199e6,9.758359e6,9.620934e6,9.731678e6,9.75536e6,9.709563e6,9.478545e6,9.580435e6,9.673623e6,9.595314e6,9.639792e6,9.7045e6,9.626148e6,9.604161e6,9.777935e6,9.749836e6,9.693427e6,9.717615e6,9.420918e6,9.679635e6,9.669522e6,9.557149e6,9.734345e6,9.594813e6,9.806776e6,9.602735e6,9.574254e6,9.756996e6,9.591181e6,9.675509e6,9.730673e6,9.660014e6,9.693755e6,9.71073e6,9.654506e6,9.676369e6,9.840591e6,9.657239e6,9.781436e6,9.970198e6,9.720018e6,9.743032e6,9.79771e6,9.862833e6,9.652361e6,9.780449e6,9.760265e6,9.835176e6,9.691846e6,9.879193e6,9.684514e6,9.752196e6,9.729783e6,9.784873e6,9.794615e6,9.672104e6,9.516888e6,9.750927e6,9.903299e6,9.689472e6,9.977163e6,9.576393e6,9.659723e6,9.640303e6,9.700472e6,9.740596e6,9.797122e6,9.586335e6,9.698025e6,9.544952e6,9.854184e6,9.79137e6,9.643534e6,9.696035e6,9.777744e6,9.903518e6,9.863028e6,9.81153e6,9.825108e6,9.727168e6,9.951779e6,9.547188e6,9.68732e6,9.654442e6,9.790871e6,9.768317e6,9.58933e6,9.626089e6,9.664875e6,9.60152e6,9.688852e6,9.737927e6,9.70712e6,9.750412e6,9.548275e6,9.7121e6,9.698182e6,9.667311e6,9.515496e6,9.771386e6,9.822507e6,9.676197e6,9.630031e6,9.685595e6,9.669394e6,9.493056e6,9.670025e6,9.54862e6,9.7163e6,9.814432e6,9.673364e6,9.727426e6,9.722197e6,9.683639e6,9.785667e6,9.811582e6,9.621612e6,9.802388e6,9.639683e6,9.737269e6,9.737984e6,9.624492e6,9.658397e6,9.723772e6,9.735666e6,9.613881e6,9.677879e6,9.544189e6,9.73073e6,9.665953e6,9.666689e6,9.628997e6,9.64099e6,9.848194e6,9.661615e6,9.917977e6,9.665515e6,9.729941e6,9.722836e6,9.619055e6,9.765969e6,9.714123e6,9.75629e6,9.760692e6,9.683278e6,9.604523e6,9.745523e6,9.676426e6,9.556851e6,9.604497e6,9.756892e6,9.660362e6,9.690357e6,9.726271e6,9.702833e6,9.734783e6,9.704676e6,9.719836e6,9.641355e6,9.711634e6,9.732585e6,9.672628e6,9.897863e6,9.76273e6,9.676766e6,9.553814e6,9.698826e6,9.510494e6,9.668321e6,9.63419e6,9.774931e6,9.673141e6,9.614446e6,9.673491e6,9.582234e6,9.726296e6,9.64158e6,9.694992e6,9.681808e6,9.63129e6,9.782247e6,9.530427e6,9.741673e6,9.65005e6,9.629656e6,9.700524e6,9.72002e6,9.795189e6,9.744313e6]}],["Trial",{"allocs":11,