{"lengs":[10.0,100.0,1000.0],"benchmarks":[["Trial",{"allocs":11,"gctimes":[0.0,0.0,0.0,0.0,0.0,0.0,0.0,0.0,0.0,0.0,0.0,0.0,0.0,0.0,0.0,0.0,0.0,0.0,0.0,0.0,0.0,0.0,0.0,0.0,0.0,0.0,0.0,0.0,0.0,0.0,0.0,0.0,0.0,0.0,0.0,0.0,0.0,0.0,0.0,0.0,0.0,0.0,0.0,0.0,0.0,0.0,0.0,0.0,0.0,0.0,0.0,0.0,0.0,0.0,0.0,0.0,0.0,0.0,0.0,0.0,0.0,0.0,0.0,0.0,0.0,0.0,0.0,0.0,0.0,0.0,0.0,0.0,0.0,0.0,0.0,0.0,0.0,0.0,0.0,0.0,0.0,0.0,0.0,0.0,0.0,0.0,0.0,0.0,0.0,0.0,0.0,0.0,0.0,0.0,0.0,0.0,0.0,0.0,0.0,0.0,0.0,0.0,0.0,0.0,0.0,0.0,0.0,0.0,0.0,0.0,0.0,0.0,0.0,0.0,0.0,0.0,0.0,0.0,0.0,0.0,0.0],"memory":3680,"params":["Parameters",{"gctrial":true,"time_tolerance":0.05,"evals_set":false,"samples":10000,"evals":1,"gcsample":false,"seconds":5.0,"overhead":0.0,"memory_tolerance":0.01}],"times":[4.1954447e7,4.1730503e7,4.0888416e7,4.1600586e7,3.9876648e7,4.1711619e7,4.1428353e7,4.1132353e7,4.0685938e7,4.0712796e7,4.1550702e7,4.0506764e7,4.1192381e7,4.1632217e7,4.157544e7,4.170209e7,4.1819209e7,4.1345215e7,4.1437815e7,4.0915636e7,4.3965654e7,4.1287659e7,4.1921638e7,4.1352458e7,4.1042129e7,4.0442333e7,4.07693e7,4.0588722e7,4.1587559e7,4.188709e7,4.091554e7,4.1449686e7,4.0930178e7,4.0878329e7,4.1327658e7,4.117261e7,4.0659931e7,4.0668995e7,4.1683448e7,4.1557352e7,4.0608093e7,4.1092106e7,4.1322225e7,4.0836032e7,4.0582379e7,4.1409693e7,4.1456503e7,4.0546081e7,4.1264568e7,4.1653731e7,4.0324549e7,4.0761286e7,4.0405044e7,4.1123261e7,4.0681064e7,4.0794106e7,4.0571738e7,4.1797707e7,4.1865295e7,4.129443e7,4.1605574e7,4.138466e7,4.2197304e7,4.1614146e7,4.0810285e7,4.171686e7,4.1142237e7,4.1351106e7,4.1719232e7,4.1286088e7,4.0660596e7,3.9852562e7,4.0826724e7,4.223373e7,4.1468621e7,4.0825127e7,4.1141001e7,4.1159813e7,4.1342068e7,4.2941307e7,4.0863299e7,4.137247e7,4.1360316e7,4.1614842e7,4.1853616e7,4.0793755e7,4.1487856e7,4.2371465e7,4.1082582e7,4.126683e7,4.0641925e7,4.1130061e7,4.0652432e7,4.0666168e7,4.1517006e7,4.0882562e7,4.1762011e7,4.1472071e7,4.1134626e7,4.1272072e7,4.175895e7,4.0905465e7,4.1754558e7,4.1231463e7,4.1181431e7,4.1219227e7,4.1388689e7,4.0617273e7,4.161877e7,4.0991226e7,4.2243705e7,4.2211418e7,4.0962401e7,4.1403805e7,4.0836127e7,4.0275233e7,4.0627787e7,4.1718816e7,4.1296854e7,4.0247234e7,4.0620879e7]}],["Trial",{"allocs":11,"gctimes":[0.0,0.0,0.0,0.0,0.0,0.0,0.0,0.0,0.0,0.0,0.0,0.0],"memory":3680,"params":["Parameters",{"gctrial":true,"time_tolerance":0.05,"evals_set":false,"samples":10000,"evals":1,"gcsample":false,"seconds":5.0,"overhead":0.0,"memory_tolerance":0.01}],"times":[4.340363e8,4.29935734e8,4.28299385e8,4.45676991e8,4.30227003e8,4.2872269e8,4.26368187e8,4.34269567e8,4.26922239e8,4.26134492e8,4.32262066e8,4.31467295e8]}],["Trial",{"allocs":11,"gctimes":[0.0,0.0],"memory":3680,"params":["Parameters",{"gctrial":true,"time_tolerance":0.05,"evals_set":false,"samples":10000,"evals":1,"gcsample":false,"seconds":5.0,"overhead":0.0,"memory_tolerance":0.01}],"times":[4.373678797e9,4.393874015e9]}]],"medians":[41.26683,430.0813685,4383.776406]}