{"lengs":[10.0,31.622776601683793,100.0,316.22776601683796,1000.0,3162.2776601683795,10000.0],"benchmarks":[["Trial",{"allocs":11,"gctimes":[0.0,0.0,0.0,0.0,0.0,0.0,0.0,0.0,0.0,0.0,0.0,0.0,0.0,0.0,0.0,0.0,0.0,0.0,0.0,0.0,0.0,0.0,0.0,0.0,0.0,0.0,0.0,0.0,0.0,0.0,0.0,0.0,0.0,0.0,0.0,0.0,0.0,0.0,0.0,0.0,0.0,0.0,0.0,0.0,0.0,0.0,0.0,0.0,0.0,0.0,0.0],"memory":3680,"params":["Parameters",{"gctrial":true,"time_tolerance":0.05,"evals_set":false,"samples":10000,"evals":1,"gcsample":false,"seconds":5.0,"overhead":0.0,"memory_tolerance":0.01}],"times":[9.9490422e7,1.01747876e8,9.7736095e7,9.773863e7,9.93587e7,1.00335205e8,9.9926093e7,9.8199989e7,9.7939388e7,9.9860173e7,9.8024871e7,9.7995126e7,9.7406109e7,9.7657779e7,9.8867011e7,9.7863764e7,1.01591556e8,9.9658247e7,1.0009878e8,9.8311405e7,9.8739917e7,9.7813542e7,9.8515869e7,9.7955996e7,1.00664532e8,9.9288145e7,9.8123303e7,9.8492179e7,9.7853382e7,9.9820801e7,1.00163682e8,9.9444833e7,1.00041995e8,9.929176e7,9.8308119e7,9.8145294e7,9.8212428e7,1.00234556e8,1.00349166e8,9.8960692e7,9.9628408e7,1.00308042e8,9.801104e7,9.9899321e7,9.8554431e7,9.9499701e7,1.00703314e8,9.9234784e7,1.00177785e8,1.00441489e8,9.9647822e7]}],["Trial",{"allocs":11,"gctimes":[0.0,0.0,0.0,0.0,0.0,0.0,0.0,0.0,0.0,0.0,0.0,0.0,0.0,0.0,0.0,0.0,0.0],"memory":3680,"params":["Parameters",{"gctrial":true,"time_tolerance":0.05,"evals_set":false,"samples":10000,"evals":1,"gcsample":false,"seconds":5.0,"overhead":0.0,"memory_tolerance":0.01}],"times":[3.16021902e8,3.04767856e8,3.06448263e8,3.08237058e8,3.11298324e8,3.10847933e8,3.08532904e8,3.08312514e8,3.13108737e8,3.11155252e8,3.06928919e8,3.09895841e8,3.10053474e8,3.12485743e8,3.12551932e8,3.09411685e8,3.11640176e8]}],["Trial",{"allocs":11,"gctimes":[0.0,0.0,0.0,0.0,0.0,0.0],"memory":3680,"params":["Parameters",{"gctrial":true,"time_tolerance":0.05,"evals_set":false,"samples":10000,"evals":1,"gcsample":false,"seconds":5.0,"overhead":0.0,"memory_tolerance":0.01}],"times":[9.76572621e8,9.80303018e8,9.76783284e8,9.70717518e8,9.79400075e8,9.77541724e8]}],["Trial",{"allocs":11,"gctimes":[0.0,0.0],"memory":3680,"params":["Parameters",{"gctrial":true,"time_tolerance":0.05,"evals_set":false,"samples":10000,"evals":1,"gcsample":false,"seconds":5.0,"overhead":0.0,"memory_tolerance":0.01}],"times":[3.091583645e9,3.07504404e9]}],["Trial",{"allocs":11,"gctimes":[0.0],"memory":3680,"params":["Parameters",{"gctrial":true,"time_tolerance":0.05,"evals_set":false,"samples":10000,"evals":1,"gcsample":false,"seconds":5.0,"overhead":0.0,"memory_tolerance":0.01}],"times":[9.648875279e9]}],["Trial",{"allocs":11,"gctimes":[0.0],"memory":3680,"params":["Parameters",{"gctrial":true,"time_tolerance":0.05,"evals_set":false,"samples":10000,"evals":1,"gcsample":false,"seconds":5.0,"overhead":0.0,"memory_tolerance":0.01}],"times":[3.058974281e10]}],["Trial",{"allocs":11,"gctimes":[0.0],"memory":3680,"params":["Parameters",{"gctrial":true,"time_tolerance":0.05,"evals_set":false,"samples":10000,"evals":1,"gcsample":false,"seconds":5.0,"overhead":0.0,"memory_tolerance":0.01}],"times":[9.7027260616e10]}]],"medians":[99.288145,310.053474,977.162504,3083.3138425,9648.875279,30589.74281,97027.260616]}