{"lengs":[10.0,21.544346900318832,46.4158883361278,100.0,215.44346900318845,464.15888336127773,1000.0],"benchmarks":[["Trial",{"allocs":11,"gctimes":[0.0,0.0,0.0,0.0,0.0,0.0,0.0,0.0,0.0,0.0,0.0,0.0,0.0,0.0,0.0],"memory":10832,"params":["Parameters",{"gctrial":true,"time_tolerance":0.05,"evals_set":false,"samples":10000,"evals":1,"gcsample":false,"seconds":5.0,"overhead":0.0,"memory_tolerance":0.01}],"times":[3.40229709e8,3.46199214e8,3.39929095e8,3.51367035e8,3.43021641e8,3.40996058e8,3.39409987e8,3.43699676e8,3.41237072e8,3.39817095e8,3.43518786e8,3.42457898e8,3.4219619e8,3.39826578e8,3.40522798e8]}],["Trial",{"allocs":11,"gctimes":[0.0,0.0,0.0,0.0,0.0,0.0,0.0],"memory":10832,"params":["Parameters",{"gctrial":true,"time_tolerance":0.05,"evals_set":false,"samples":10000,"evals":1,"gcsample":false,"seconds":5.0,"overhead":0.0,"memory_tolerance":0.01}],"times":[7.56394702e8,7.49595331e8,7.44037494e8,7.44741825e8,7.45103902e8,7.46349672e8,7.43450043e8]}],["Trial",{"allocs":11,"gctimes":[0.0,0.0,0.0,0.0],"memory":10832,"params":["Parameters",{"gctrial":true,"time_tolerance":0.05,"evals_set":false,"samples":10000,"evals":1,"gcsample":false,"seconds":5.0,"overhead":0.0,"memory_tolerance":0.01}],"times":[1.530419392e9,1.552164557e9,1.535787488e9,1.517674666e9]}],["Trial",{"allocs":11,"gctimes":[0.0,0.0],"memory":10832,"params":["Parameters",{"gctrial":true,"time_tolerance":0.05,"evals_set":false,"samples":10000,"evals":1,"gcsample":false,"seconds":5.0,"overhead":0.0,"memory_tolerance":0.01}],"times":[3.141287377e9,3.166043293e9]}],["Trial",{"allocs":11,"gctimes":[0.0],"memory":10832,"params":["Parameters",{"gctrial":true,"time_tolerance":0.05,"evals_set":false,"samples":10000,"evals":1,"gcsample":false,"seconds":5.0,"overhead":0.0,"memory_tolerance":0.01}],"times":[6.698517557e9]}],["Trial",{"allocs":11,"gctimes":[0.0],"memory":10832,"params":["Parameters",{"gctrial":true,"time_tolerance":0.05,"evals_set":false,"samples":10000,"evals":1,"gcsample":false,"seconds":5.0,"overhead":0.0,"memory_tolerance":0.01}],"times":[1.4067680989e10]}],["Trial",{"allocs":11,"gctimes":[0.0],"memory":10832,"params":["Parameters",{"gctrial":true,"time_tolerance":0.05,"evals_set":false,"samples":10000,"evals":1,"gcsample":false,"seconds":5.0,"overhead":0.0,"memory_tolerance":0.01}],"times":[2.9852187106e10]}]],"medians":[341.237072,745.103902,1533.10344,3153.665335,6698.517557,14067.680989,29852.187106]}