{"lengs":[10.0,100.0,1000.0],"benchmarks":[["Trial",{"allocs":11,"gctimes":[0.0,0.0,0.0,0.0,0.0,0.0,0.0,0.0,0.0,0.0,0.0,0.0,0.0,0.0,0.0,0.0,0.0,0.0,0.0,0.0,0.0,0.0,0.0,0.0,0.0,0.0,0.0],"memory":3680,"params":["Parameters",{"gctrial":true,"time_tolerance":0.05,"evals_set":false,"samples":10000,"evals":1,"gcsample":false,"seconds":5.0,"overhead":0.0,"memory_tolerance":0.01}],"times":[1.83748636e8,1.86794729e8,1.84502407e8,1.84668628e8,1.84598383e8,1.8397372e8,1.87112208e8,1.85385318e8,1.85183463e8,1.85256287e8,1.9052203e8,1.84624325e8,1.86178573e8,1.84878201e8,1.83971168e8,1.84958707e8,1.84845026e8,1.84385875e8,1.84702659e8,1.84180878e8,1.87037176e8,1.88085078e8,1.85888049e8,1.88381284e8,1.85117766e8,1.83041507e8,1.85486496e8]}],["Trial",{"allocs":11,"gctimes":[0.0,0.0,0.0],"memory":3680,"params":["Parameters",{"gctrial":true,"time_tolerance":0.05,"evals_set":false,"samples":10000,"evals":1,"gcsample":false,"seconds":5.0,"overhead":0.0,"memory_tolerance":0.01}],"times":[1.83961316e9,1.833751928e9,1.831260513e9]}],["Trial",{"allocs":11,"gctimes":[0.0],"memory":3680,"params":["Parameters",{"gctrial":true,"time_tolerance":0.05,"evals_set":false,"samples":10000,"evals":1,"gcsample":false,"seconds":5.0,"overhead":0.0,"memory_tolerance":0.01}],"times":[1.8258119928e10]}]],"medians":[184.958707,1833.751928,18258.119928]}