{"lengs":[10.0,100.0,1000.0],"benchmarks":[["Trial",{"allocs":11,"gctimes":[0.0,0.0,0.0,0.0,0.0,0.0,0.0,0.0,0.0,0.0,0.0,0.0,0.0,0.0,0.0,0.0,0.0,0.0,0.0,0.0,0.0,0.0,0.0,0.0,0.0,0.0,0.0,0.0,0.0,0.0,0.0,0.0,0.0,0.0,0.0,0.0,0.0,0.0,0.0,0.0,0.0,0.0,0.0,0.0,0.0,0.0,0.0,0.0,0.0,0.0,0.0,0.0,0.0,0.0,0.0,0.0,0.0,0.0,0.0,0.0,0.0,0.0,0.0,0.0,0.0,0.0,0.0,0.0,0.0,0.0,0.0,0.0,0.0,0.0,0.0,0.0,0.0,0.0,0.0,0.0,0.0,0.0,0.0,0.0,0.0,0.0,0.0,0.0,0.0,0.0,0.0,0.0,0.0,0.0,0.0,0.0,0.0,0.0,0.0,0.0,0.0,0.0,0.0,0.0,0.0,0.0,0.0,0.0,0.0,0.0,0.0,0.0,0.0,0.0,0.0,0.0,0.0,0.0,0.0,0.0,0.0,0.0,0.0,0.0,0.0,0.0,0.0,0.0,0.0,0.0,0.0,0.0,0.0,0.0,0.0,0.0,0.0,0.0,0.0,0.0,0.0,0.0,0.0,0.0,0.0,0.0,0.0,0.0,0.0,0.0,0.0,0.0,0.0,0.0,0.0,0.0,0.0,0.0,0.0,0.0,0.0,0.0,0.0,0.0,0.0,0.0,0.0,0.0,0.0,0.0,0.0,0.0,0.0,0.0,0.0,0.0,0.0,0.0,0.0,0.0,0.0,0.0,0.0,0.0,0.0,0.0,0.0,0.0,0.0,0.0,0.0,0.0,0.0,0.0,0.0,0.0,0.0,0.0,0.0,0.0,0.0,0.0,0.0,0.0,0.0,0.0,0.0,0.0,0.0,0.0,0.0,0.0,0.0,0.0,0.0,0.0,0.0,0.0,0.0,0.0,0.0,0.0,0.0,0.0,0.0,0.0,0.0,0.0,0.0,0.0,0.0,0.0,0.0,0.0,0.0,0.0,0.0,0.0,0.0,0.0,0.0,0.0,0.0,0.0,0.0,0.0,0.0,0.0,0.0,0.0,0.0,0.0,0.0,0.0,0.0,0.0,0.0,0.0,0.0,0.0,0.0,0.0,0.0,0.0,0.0,0.0,0.0,0.0,0.0,0.0,0.0,0.0,0.0,0.0,0.0,0.0,0.0,0.0,0.0,0.0,0.0,0.0,0.0,0.0,0.0,0.0,0.0,0.0,0.0,0.0,0.0,0.0,0.0,0.0,0.0,0.0,0.0,0.0,0.0,0.0,0.0,0.0,0.0,0.0,0.0,0.0,0.0,0.0,0.0,0.0,0.0,0.0,0.0,0.0,0.0,0.0,0.0,0.0,0.0,0.0,0.0,0.0,0.0,0.0,0.0,0.0,0.0,0.0,0.0,0.0,0.0,0.0,0.0,0.0,0.0,0.0,0.0,0.0,0.0,0.0,0.0,0.0,0.0],"memory":2144,"params":["Parameters",{"gctrial":true,"time_tolerance":0.05,"evals_set":false,"samples":10000,"evals":1,"gcsample":false,"seconds":5.0,"overhead":0.0,"memory_tolerance":0.01}],"times":[1.471535e7,1.9379579e7,1.6935743e7,1.549506e7,1.4784331e7,1.4410431e7,1.4135128e7,1.4521107e7,1.4644801e7,1.4578649e7,1.4714852e7,1.452342e7,1.4438383e7,1.4692691e7,1.4320289e7,1.4252602e7,1.4378274e7,1.4395317e7,1.4558887e7,1.4580491e7,1.4527895e7,1.4168576e7,1.4340205e7,1.4117253e7,1.4233741e7,1.4064611e7,1.4458585e7,1.4699736e7,1.4458042e7,1.4215059e7,1.4538978e7,1.4403009e7,1.4002731e7,1.3662876e7,1.4517727e7,1.4286348e7,1.4214933e7,1.4226837e7,1.4361683e7,1.4684791e7,1.4484887e7,1.4201641e7,1.4637592e7,1.4792588e7,1.4338962e7,1.4469051e7,1.4410262e7,1.38289e7,1.4394191e7,1.439732e7,1.4310791e7,1.6649581e7,1.4290172e7,1.4803216e7,1.4142785e7,1.463615e7,1.4341142e7,1.4314119e7,1.3889358e7,1.4412488e7,1.4220049e7,1.4194161e7,1.4178926e7,1.4194379e7,1.4496369e7,1.5324252e7,1.494837e7,1.4246526e7,1.4295465e7,1.4376204e7,1.448519e7,1.4183931e7,1.4467181e7,1.3930539e7,1.3934412e7,1.4388463e7,1.426732e7,1.4423595e7,1.4100435e7,1.4362936e7,1.4523838e7,1.4388887e7,1.4404613e7,1.4479642e7,1.4199677e7,1.4556966e7,1.433607e7,1.441778e7,1.4335375e7,1.4503052e7,1.4231291e7,1.4151276e7,1.4509255e7,1.4642475e7,1.4123114e7,1.437224e7,1.4383626e7,1.3974815e7,1.3966073e7,1.4265844e7,1.409189e7,1.4483612e7,1.4479645e7,1.4300605e7,1.4003421e7,1.4532676e7,1.4603978e7,1.4267528e7,1.4444244e7,1.4529662e7,1.4388535e7,1.4675328e7,1.4604155e7,1.4544285e7,1.3830291e7,1.4500388e7,1.4336028e7,1.4533381e7,1.4445847e7,1.4409628e7,1.4198161e7,1.4449866e7,1.4303094e7,1.453285e7,1.4162326e7,1.4589844e7,1.4085831e7,1.4566986e7,1.4395782e7,1.4491016e7,1.4437311e7,1.4043836e7,1.4333542e7,1.4588477e7,1.4110471e7,1.4453928e7,1.4529659e7,1.4519508e7,1.4500186e7,1.448834e7,1.4275659e7,1.4538718e7,1.4071277e7,1.4331748e7,1.4523384e7,1.4119817e7,1.4681746e7,1.4082827e7,1.4110917e7,1.4562512e7,1.4338447e7,1.4466693e7,1.399346e7,1.4159095e7,1.4584342e7,1.4264969e7,1.3693354e7,1.414849e7,1.4477855e7,1.4597415e7,1.4390747e7,1.4287263e7,1.4090188e7,1.4470783e7,1.4317092e7,1.4212893e7,1.4290649e7,1.4323721e7,1.4609312e7,1.4537511e7,1.4304223e7,1.4234141e7,1.471214e7,1.4393518e7,1.4519973e7,1.4471756e7,1.4562416e7,1.4401939e7,1.4424253e7,1.3591689e7,1.4454216e7,1.3940321e7,1.452787e7,1.4043365e7,1.4332073e7,1.4599184e7,1.4027362e7,1.4563546e7,1.4326463e7,1.4311314e7,1.4551454e7,1.4390019e7,1.3650808e7,1.4400139e7,1.424832e7,1.4341382e7,1.4208022e7,1.4297968e7,1.4528623e7,1.6447175e7,1.4541623e7,1.429489e7,1.4374523e7,1.4389788e7,1.3807052e7,1.4275287e7,1.4272575e7,1.4155244e7,1.4340784e7,1.4324768e7,1.4559837e7,1.423123e7,1.4092913e7,1.4883233e7,1.441862e7,1.399379e7,1.441996e7,1.4247752e7,1.4087048e7,1.4298557e7,1.4312535e7,1.4498496e7,1.4559538e7,1.4079359e7,1.4406934e7,1.4369001e7,1.4554511e7,1.4317943e7,1.4530245e7,1.4401913e7,1.4295198e7,1.4526909e7,1.428662e7,1.4632358e7,1.4204433e7,1.4030514e7,1.3979778e7,1.4599177e7,1.4193122e7,1.4286405e7,1.4345436e7,1.4544018e7,1.4489461e7,1.4514492e7,1.4436263e7,1.4412862e7,1.4371255e7,1.4257439e7,1.4457031e7,1.4171493e7,1.429368e7,1.450268e7,1.4646993e7,1.4357737e7,1.4424007e7,1.4074413e7,1.4174667e7,1.4232902e7,1.4243313e7,1.4404905e7,1.4235583e7,1.4421159e7,1.4210784e7,1.4767313e7,1.3878626e7,1.4458344e7,1.4410803e7,1.4492613e7,1.4369971e7,1.4365686e7,1.4704728e7,1.4201222e7,1.3942023e7,1.4502838e7,1.4209393e7,1.4377344e7,1.4576157e7,1.3712007e7,1.4028945e7,1.471202e7,1.439939e7,1.4313731e7,1.4258514e7,1.4412708e7,1.4584843e7,1.4020384e7,1.4255037e7,1.4369199e7,1.4421524e7,1.4426495e7,1.4724853e7,1.481233e7,1.4472669e7,1.4430788e7,1.4149996e7,1.4135418e7,1.4130771e7,1.4011814e7,1.4447514e7,1.4143044e7,1.4115197e7,1.4365977e7,1.4508618e7,1.4767414e7,1.4287889e7,1.4184324e7,1.4633793e7,1.5103218e7,1.53159e7,1.4282456e7,1.4169437e7,1.4353467e7,1.3848745e7,1.4378823e7,1.4307402e7,1.4200043e7,1.4129457e7,1.4314621e7,1.451868e7,1.4419343e7,1.4388046e7,1.4272534e7,1.4058035e7,1.4245645e7,1.4092894e7,1.4431922e7,1.4324254e7,1.4310491e7,1.426494e7,1.4477203e7,1.4472136e7,1.4148867e7,1.4262838e7,1.4450999e7,1.4281236e7,1.4350584e7,1.4373479e7,1.4120243e7,1.4185677e7,1.4297074e7,1.4016105e7,1.4345626e7,1.3845242e7]}],["Trial",{"allocs":11,"gctimes":[0.0,0.0,0.0,0.0,0.0,0.0,0.0,0.0,0.0,0.0,0.0,0.0,0.0,0.0,0.0,0.0,0.0,0.0,0.0,0.0,0.0,0.0,0.0,0.0,0.0,0.0,0.0,0.0,0.0,0.0,0.0,0.0,0.0,0.0,0.0,0.0,0.0],"memory":2144,"params":["Parameters",{"gctrial":true,"time_tolerance":0.05,"evals_set":false,"samples":10000,"evals":1,"gcsample":false,"seconds":5.0,"overhead":0.0,"memory_tolerance":0.01}],"times":[1.41251878e8,1.37686696e8,1.37363653e8,1.36327267e8,1.36980368e8,1.36565577e8,1.42928491e8,1.36069318e8,1.4029905e8,1.38303944e8,1.41952002e8,1.3636915e8,1.38332715e8,1.43510576e8,1.41058859e8,1.3651514e8,1.37668927e8,1.40765974e8,1.39385492e8,1.37327062e8,1.38560009e8,1.37768719e8,1.37652211e8,1.39822669e8,1.36818396e8,1.35180766e8,1.3860508e8,1.38322068e8,1.39756758e8,1.41499763e8,1.39309783e8,1.37193696e8,1.36041471e8,1.39390273e8,1.38647729e8,1.37965519e8,1.39289019e8]}],["Trial",{"allocs":11,"gctimes":[0.0,0.0,0.0,0.0],"memory":2144,"params":["Parameters",{"gctrial":true,"time_tolerance":0.05,"evals_set":false,"samples":10000,"evals":1,"gcsample":false,"seconds":5.0,"overhead":0.0,"memory_tolerance":0.01}],"times":[1.361819121e9,1.369139788e9,1.362826616e9,1.35922343e9]}]],"medians":[14.369971,138.322068,1362.3228685]}