{"lengs":[10.0,100.0,1000.0],"benchmarks":[["Trial",{"allocs":11,"gctimes":[0.0,0.0,0.0,0.0,0.0,0.0,0.0,0.0,0.0,0.0,0.0,0.0,0.0,0.0,0.0,0.0,0.0,0.0,0.0,0.0,0.0,0.0,0.0,0.0,0.0,0.0,0.0,0.0,0.0,0.0],"memory":8528,"params":["Parameters",{"gctrial":true,"time_tolerance":0.05,"evals_set":false,"samples":10000,"evals":1,"gcsample":false,"seconds":5.0,"overhead":0.0,"memory_tolerance":0.01}],"times":[1.69312652e8,1.69547488e8,1.7006964e8,1.6641208e8,1.68611711e8,1.69794185e8,1.69946516e8,1.70359039e8,1.68008167e8,1.66800677e8,1.67677308e8,1.6969018e8,1.72237798e8,1.65255038e8,1.69012643e8,1.7100242e8,1.71330955e8,1.65521849e8,1.66260799e8,1.67538229e8,1.70523744e8,1.67857256e8,1.6806701e8,1.6631785e8,1.6983613e8,1.67690412e8,1.67497315e8,1.6670102e8,1.65764847e8,1.68622439e8]}],["Trial",{"allocs":11,"gctimes":[0.0,0.0,0.0],"memory":8528,"params":["Parameters",{"gctrial":true,"time_tolerance":0.05,"evals_set":false,"samples":10000,"evals":1,"gcsample":false,"seconds":5.0,"overhead":0.0,"memory_tolerance":0.01}],"times":[1.771662441e9,1.771775668e9,1.758804155e9]}],["Trial",{"allocs":11,"gctimes":[0.0],"memory":8528,"params":["Parameters",{"gctrial":true,"time_tolerance":0.05,"evals_set":false,"samples":10000,"evals":1,"gcsample":false,"seconds":5.0,"overhead":0.0,"memory_tolerance":0.01}],"times":[1.7948619092e10]}]],"medians":[168.3393605,1771.662441,17948.619092]}