{"lengs":[10.0,100.0,1000.0],"benchmarks":[["Trial",{"allocs":11,"gctimes":[0.0,0.0,0.0,0.0,0.0,0.0,0.0,0.0,0.0,0.0,0.0,0.0,0.0,0.0,0.0,0.0,0.0,0.0,0.0,0.0,0.0,0.0,0.0,0.0,0.0,0.0,0.0,0.0,0.0,0.0,0.0,0.0,0.0,0.0,0.0,0.0,0.0,0.0,0.0,0.0,0.0,0.0,0.0,0.0,0.0,0.0,0.0,0.0,0.0,0.0,0.0,0.0,0.0,0.0,0.0,0.0,0.0,0.0,0.0,0.0,0.0,0.0,0.0,0.0,0.0,0.0,0.0,0.0,0.0,0.0,0.0,0.0,0.0],"memory":3680,"params":["Parameters",{"gctrial":true,"time_tolerance":0.05,"evals_set":false,"samples":10000,"evals":1,"gcsample":false,"seconds":5.0,"overhead":0.0,"memory_tolerance":0.01}],"times":[6.7895756e7,8.2846853e7,6.6857115e7,6.787254e7,6.7730869e7,6.7815168e7,6.8018064e7,6.9633024e7,6.7310481e7,6.8258808e7,6.8022043e7,6.7577976e7,6.7629802e7,6.8100857e7,6.8281664e7,6.7911357e7,6.7995719e7,6.731218e7,6.7654865e7,6.8384889e7,6.7605009e7,6.7951634e7,6.7302623e7,6.7682591e7,6.7930125e7,6.7643116e7,6.9878118e7,6.7755308e7,6.9611434e7,6.9495349e7,6.7517931e7,6.844559e7,6.8314013e7,6.8234413e7,6.7871091e7,6.7616992e7,6.7703178e7,6.7908106e7,6.7726232e7,6.7750075e7,6.7584406e7,6.8162743e7,6.7468068e7,6.7326058e7,7.0976742e7,6.6982382e7,6.9858211e7,6.8938945e7,6.9290653e7,6.8491056e7,6.8007748e7,6.7542312e7,6.7638053e7,6.7442146e7,6.8787323e7,6.7962898e7,6.8351414e7,6.7465036e7,6.8000111e7,6.7188605e7,6.7847126e7,6.7341139e7,6.956822e7,6.8671874e7,6.8079968e7,6.813105e7,6.8070702e7,6.7649992e7,6.7835876e7,6.7691469e7,6.7186149e7,6.7588253e7,6.6907875e7]}],["Trial",{"allocs":11,"gctimes":[0.0,0.0,0.0,0.0,0.0,0.0,0.0,0.0],"memory":3680,"params":["Parameters",{"gctrial":true,"time_tolerance":0.05,"evals_set":false,"samples":10000,"evals":1,"gcsample":false,"seconds":5.0,"overhead":0.0,"memory_tolerance":0.01}],"times":[6.79804942e8,6.79466701e8,6.87775583e8,6.77189987e8,6.72670786e8,6.83641201e8,6.80548698e8,6.71726491e8]}],["Trial",{"allocs":12,"gctimes":[0.0],"memory":5168,"params":["Parameters",{"gctrial":true,"time_tolerance":0.05,"evals_set":false,"samples":10000,"evals":1,"gcsample":false,"seconds":5.0,"overhead":0.0,"memory_tolerance":0.01}],"times":[6.711032259e9]}]],"medians":[67.87254,679.6358215,6711.032259]}