{"lengs":[10.0,21.544346900318832,46.4158883361278,100.0,215.44346900318845,464.15888336127773,1000.0],"benchmarks":[["Trial",{"allocs":14,"gctimes":[0.0,0.0,0.0,0.0,0.0,0.0,0.0,0.0,0.0,0.0,0.0,0.0,0.0,0.0,0.0,0.0,0.0,0.0,0.0,0.0,0.0,0.0,0.0,0.0,0.0,0.0,0.0,0.0,0.0,0.0,0.0,0.0,0.0,0.0,0.0,0.0,0.0,0.0,0.0,0.0,0.0,0.0,0.0,0.0,0.0,0.0,0.0,0.0,0.0,0.0,0.0,0.0,0.0,0.0,0.0,0.0,0.0,0.0,0.0,0.0,0.0,0.0,0.0,0.0,0.0,0.0,0.0,0.0,0.0,0.0,0.0,0.0,0.0,0.0,0.0,0.0,0.0,0.0,0.0,0.0,0.0,0.0,0.0,0.0,0.0,0.0,0.0,0.0,0.0,0.0,0.0,0.0,0.0,0.0,0.0,0.0,0.0,0.0,0.0,0.0,0.0,0.0,0.0,0.0,0.0,0.0,0.0,0.0,0.0,0.0,0.0,0.0,0.0,0.0,0.0,0.0,0.0,0.0,0.0,0.0,0.0,0.0,0.0,0.0,0.0,0.0,0.0,0.0,0.0,0.0,0.0,0.0,0.0,0.0,0.0,0.0,0.0,0.0,0.0,0.0,0.0,0.0,0.0,0.0,0.0,0.0,0.0,0.0,0.0,0.0,0.0,0.0,0.0,0.0,0.0,0.0,0.0,0.0,0.0,0.0,0.0,0.0,0.0,0.0,0.0,0.0,0.0,0.0,0.0,0.0,0.0,0.0,0.0,0.0,0.0,0.0,0.0,0.0,0.0,0.0,0.0,0.0,0.0,0.0,0.0,0.0,0.0,0.0,0.0,0.0,0.0,0.0,0.0,0.0,0.0,0.0,0.0,0.0,0.0,0.0,0.0,0.0,0.0,0.0,0.0,0.0,0.0,0.0,0.0,0.0,0.0,0.0,0.0,0.0,0.0,0.0,0.0,0.0,0.0],"memory":91808,"params":["Parameters",{"gctrial":true,"time_tolerance":0.05,"evals_set":false,"samples":10000,"evals":1,"gcsample":false,"seconds":5.0,"overhead":0.0,"memory_tolerance":0.01}],"times":[2.792529e7,2.7990814e7,1.8411704e7,2.4166885e7,2.0279857e7,2.6116531e7,2.2293991e7,2.7147472e7,2.4686676e7,2.5639542e7,2.1703831e7,1.9951481e7,2.144122e7,2.0162681e7,2.3195339e7,2.074594e7,1.8989103e7,2.3438018e7,1.9091694e7,2.035189e7,2.3542421e7,2.1620179e7,1.9449246e7,2.3499425e7,2.8687945e7,2.1377583e7,2.3962153e7,2.272465e7,2.4691881e7,2.4007737e7,2.0972483e7,2.1178212e7,2.2678187e7,1.9240587e7,1.9810214e7,1.8438764e7,2.2144517e7,2.6031666e7,1.8197654e7,1.6289618e7,2.1497245e7,2.3958886e7,2.3914702e7,2.288121e7,2.22502e7,2.3649036e7,2.2433271e7,2.008852e7,2.3869603e7,1.9593774e7,2.3495022e7,2.460947e7,2.5359654e7,2.3350149e7,2.1283292e7,2.4306077e7,2.44268e7,2.4780538e7,2.1782194e7,2.6277669e7,2.0542078e7,2.391715e7,2.4579314e7,2.1371947e7,1.8470815e7,2.2741391e7,2.3133892e7,1.9324366e7,2.1625928e7,2.1163283e7,2.5939258e7,2.453348e7,2.2747294e7,2.2898844e7,2.3925218e7,2.2108959e7,2.1716627e7,2.1291462e7,2.470942e7,2.1922541e7,2.2831183e7,2.0528594e7,2.079448e7,2.3452827e7,2.0573876e7,2.3200508e7,2.1617418e7,1.7575381e7,2.5911852e7,2.0446233e7,2.4543416e7,2.3729263e7,1.6751076e7,2.0700581e7,2.1237407e7,2.3267556e7,2.071989e7,2.0414822e7,1.9492286e7,2.3985284e7,2.3792275e7,2.4237378e7,2.4249312e7,2.2012004e7,2.7018886e7,2.16358e7,1.7455657e7,1.8775912e7,2.240667e7,2.287428e7,2.5624933e7,2.2978117e7,2.2178628e7,1.8629564e7,2.466199e7,2.0831727e7,2.1357519e7,2.3732002e7,2.4544982e7,2.4300266e7,2.4141947e7,2.4165044e7,2.0965546e7,2.5641609e7,2.0494861e7,2.2616732e7,2.0011727e7,2.5885243e7,2.4272497e7,1.9738072e7,2.7797279e7,1.8978374e7,1.7894374e7,2.125061e7,2.5046511e7,2.6410764e7,2.3243321e7,1.6879172e7,2.3466507e7,2.3882936e7,2.2094841e7,2.3404513e7,2.1451261e7,2.1913797e7,1.9823028e7,2.3976191e7,1.6936758e7,2.2806276e7,2.3205934e7,2.2319573e7,2.1860458e7,2.1547334e7,2.0650741e7,2.1248045e7,2.4851073e7,2.1476132e7,2.1357146e7,2.1378151e7,2.2574012e7,2.5606009e7,2.3544572e7,2.3792675e7,2.6754781e7,2.0810712e7,2.3986013e7,2.2620615e7,2.4390258e7,2.1899705e7,2.1563995e7,2.4802902e7,2.1243121e7,2.7430863e7,2.1505764e7,2.4687156e7,2.8607945e7,1.7184479e7,2.1084507e7,2.2402479e7,2.0412912e7,1.8165859e7,2.2115622e7,2.3404364e7,2.2501505e7,2.5254246e7,2.0302011e7,2.108797e7,2.5279229e7,1.9549433e7,1.6305925e7,2.2988967e7,2.5001298e7,1.9330835e7,2.1929395e7,2.6829446e7,2.2837773e7,2.0872643e7,2.2229919e7,2.190146e7,1.9522122e7,2.2622674e7,1.943592e7,2.0053494e7,1.680333e7,2.6124882e7,2.0930198e7,2.035746e7,2.253844e7,1.857129e7,2.3374454e7,2.0544698e7,2.0786284e7,2.7318651e7,2.5364302e7,1.7843151e7,2.340117e7,2.2299853e7,2.4360638e7,2.0455305e7,2.6892317e7]}],["Trial",{"allocs":14,"gctimes":[0.0,0.0,0.0,0.0,0.0,0.0,0.0,0.0,0.0,0.0,0.0,0.0,0.0,0.0,0.0,0.0,0.0,0.0,0.0,0.0,0.0,0.0,0.0,0.0,0.0,0.0,0.0,0.0,0.0,0.0,0.0,0.0,0.0,0.0,0.0,0.0,0.0,0.0,0.0,0.0,0.0,0.0,0.0,0.0,0.0,0.0,0.0,0.0,0.0,0.0,0.0,0.0,0.0,0.0,0.0,0.0,0.0,0.0,0.0,0.0,0.0,0.0,0.0,0.0,0.0,0.0,0.0,0.0,0.0,0.0,0.0,0.0],"memory":91808,"params":["Parameters",{"gctrial":true,"time_tolerance":0.05,"evals_set":false,"samples":10000,"evals":1,"gcsample":false,"seconds":5.0,"overhead":0.0,"memory_tolerance":0.01}],"times":[7.6725369e7,7.5423279e7,6.9707004e7,7.0195551e7,6.6364384e7,7.5236277e7,6.1803012e7,7.8241062e7,7.1606472e7,6.6186887e7,6.6657559e7,6.4988557e7,7.3434317e7,6.7116131e7,6.1442941e7,7.0184966e7,6.0291574e7,7.519866e7,7.371031e7,6.4353481e7,7.2722236e7,7.7403924e7,7.6618092e7,6.9079081e7,6.5598412e7,6.8587116e7,7.4303782e7,7.0778645e7,7.6847536e7,6.9760253e7,6.9014771e7,6.6989871e7,6.4985665e7,6.0191511e7,7.1951194e7,6.7205928e7,6.9926692e7,7.3079956e7,8.0769212e7,6.4912179e7,6.3165686e7,6.7208819e7,7.7920809e7,7.5772687e7,7.0504515e7,5.7807293e7,7.5121514e7,7.7051082e7,7.8142001e7,6.5488431e7,7.1533644e7,6.8152485e7,7.8192688e7,6.6032589e7,6.7034246e7,6.7257042e7,6.6542028e7,6.7504487e7,7.1465096e7,7.3550314e7,6.434023e7,7.6602889e7,6.7154615e7,7.5265473e7,6.2391982e7,7.2331704e7,7.3564824e7,6.830984e7,7.3699742e7,6.2165828e7,6.0109608e7,6.2818658e7]}],["Trial",{"allocs":14,"gctimes":[0.0,0.0,0.0,0.0,0.0,0.0,0.0,0.0,0.0,0.0,0.0,0.0,0.0,0.0,0.0,0.0,0.0,0.0,0.0,0.0,0.0,0.0,0.0,0.0,0.0,0.0],"memory":91808,"params":["Parameters",{"gctrial":true,"time_tolerance":0.05,"evals_set":false,"samples":10000,"evals":1,"gcsample":false,"seconds":5.0,"overhead":0.0,"memory_tolerance":0.01}],"times":[2.0381084e8,2.04666481e8,1.86912568e8,1.92103523e8,2.01852493e8,2.01782578e8,1.95420448e8,1.92258881e8,1.98413163e8,1.89804784e8,2.03054817e8,1.94029461e8,1.91194348e8,1.93634111e8,1.96577542e8,2.07457787e8,1.92770382e8,2.01334118e8,1.7696712e8,1.98054639e8,2.0261514e8,1.96264437e8,2.13478277e8,2.05998717e8,2.01253353e8,1.97064688e8]}],["Trial",{"allocs":14,"gctimes":[0.0,0.0,0.0,0.0,0.0,0.0,0.0,0.0,0.0,0.0],"memory":91808,"params":["Parameters",{"gctrial":true,"time_tolerance":0.05,"evals_set":false,"samples":10000,"evals":1,"gcsample":false,"seconds":5.0,"overhead":0.0,"memory_tolerance":0.01}],"times":[5.40339042e8,5.3147442e8,4.77535054e8,4.90329257e8,4.72310213e8,5.12708554e8,5.0784066e8,5.01020753e8,4.99079262e8,5.14234882e8]}],["Trial",{"allocs":14,"gctimes":[0.0,0.0,0.0,0.0,0.0],"memory":91808,"params":["Parameters",{"gctrial":true,"time_tolerance":0.05,"evals_set":false,"samples":10000,"evals":1,"gcsample":false,"seconds":5.0,"overhead":0.0,"memory_tolerance":0.01}],"times":[1.171594604e9,1.154920671e9,1.137790078e9,1.15610345e9,1.156468715e9]}],["Trial",{"allocs":14,"gctimes":[0.0,0.0,0.0],"memory":91808,"params":["Parameters",{"gctrial":true,"time_tolerance":0.05,"evals_set":false,"samples":10000,"evals":1,"gcsample":false,"seconds":5.0,"overhead":0.0,"memory_tolerance":0.01}],"times":[2.366361666e9,2.468410035e9,2.451276711e9]}],["Trial",{"allocs":14,"gctimes":[0.0],"memory":91808,"params":["Parameters",{"gctrial":true,"time_tolerance":0.05,"evals_set":false,"samples":10000,"evals":1,"gcsample":false,"seconds":5.0,"overhead":0.0,"memory_tolerance":0.01}],"times":[5.26277074e9]}]],"medians":[22.319573,69.7336285,197.5596635,504.4307065,1156.10345,2451.276711,5262.77074]}