{"lengs":[10.0,100.0,1000.0],"benchmarks":[["Trial",{"allocs":11,"gctimes":[0.0,0.0,0.0,0.0,0.0,0.0,0.0,0.0,0.0,0.0,0.0,0.0,0.0,0.0,0.0,0.0,0.0,0.0,0.0,0.0,0.0,0.0,0.0,0.0,0.0,0.0],"memory":3680,"params":["Parameters",{"gctrial":true,"time_tolerance":0.05,"evals_set":false,"samples":10000,"evals":1,"gcsample":false,"seconds":5.0,"overhead":0.0,"memory_tolerance":0.01}],"times":[1.95423315e8,1.94395947e8,1.93738252e8,1.9359296e8,1.93666992e8,1.94686528e8,1.92642752e8,1.93988243e8,1.95489625e8,1.93581358e8,1.92858091e8,1.93057871e8,1.93228577e8,1.92628251e8,1.92721467e8,1.92740687e8,1.93451783e8,2.07194379e8,1.93912665e8,1.95994644e8,1.9300413e8,1.93018361e8,1.93679794e8,1.92692935e8,1.93594501e8,1.92258965e8]}],["Trial",{"allocs":11,"gctimes":[0.0,0.0,0.0],"memory":3680,"params":["Parameters",{"gctrial":true,"time_tolerance":0.05,"evals_set":false,"samples":10000,"evals":1,"gcsample":false,"seconds":5.0,"overhead":0.0,"memory_tolerance":0.01}],"times":[1.924410098e9,1.905975192e9,1.901527241e9]}],["Trial",{"allocs":11,"gctimes":[0.0],"memory":3680,"params":["Parameters",{"gctrial":true,"time_tolerance":0.05,"evals_set":false,"samples":10000,"evals":1,"gcsample":false,"seconds":5.0,"overhead":0.0,"memory_tolerance":0.01}],"times":[1.8910819492e10]}]],"medians":[193.587159,1905.975192,18910.819492]}