{"lengs":[10.0,21.544346900318832,46.4158883361278,100.0,215.44346900318845,464.15888336127773,1000.0],"benchmarks":[["Trial",{"allocs":11,"gctimes":[0.0,0.0,0.0,0.0,0.0,0.0,0.0,0.0,0.0,0.0,0.0,0.0,0.0,0.0,0.0],"memory":10832,"params":["Parameters",{"gctrial":true,"time_tolerance":0.05,"evals_set":false,"samples":10000,"evals":1,"gcsample":false,"seconds":5.0,"overhead":0.0,"memory_tolerance":0.01}],"times":[3.43071387e8,3.45415592e8,3.40945494e8,3.42273929e8,3.38940818e8,3.40100133e8,3.42407607e8,3.3935838e8,3.42856683e8,3.41130959e8,3.43522014e8,3.42507766e8,3.39643412e8,3.43140572e8,3.41886987e8]}],["Trial",{"allocs":11,"gctimes":[0.0,0.0,0.0,0.0,0.0,0.0,0.0],"memory":10832,"params":["Parameters",{"gctrial":true,"time_tolerance":0.05,"evals_set":false,"samples":10000,"evals":1,"gcsample":false,"seconds":5.0,"overhead":0.0,"memory_tolerance":0.01}],"times":[7.54522709e8,7.44679647e8,7.44079143e8,7.43209249e8,7.42045019e8,7.72052869e8,7.40411514e8]}],["Trial",{"allocs":11,"gctimes":[0.0,0.0,0.0,0.0],"memory":10832,"params":["Parameters",{"gctrial":true,"time_tolerance":0.05,"evals_set":false,"samples":10000,"evals":1,"gcsample":false,"seconds":5.0,"overhead":0.0,"memory_tolerance":0.01}],"times":[1.518243337e9,1.523953718e9,1.523366332e9,1.519573085e9]}],["Trial",{"allocs":11,"gctimes":[0.0,0.0],"memory":10832,"params":["Parameters",{"gctrial":true,"time_tolerance":0.05,"evals_set":false,"samples":10000,"evals":1,"gcsample":false,"seconds":5.0,"overhead":0.0,"memory_tolerance":0.01}],"times":[3.156701994e9,3.155595515e9]}],["Trial",{"allocs":11,"gctimes":[0.0],"memory":10832,"params":["Parameters",{"gctrial":true,"time_tolerance":0.05,"evals_set":false,"samples":10000,"evals":1,"gcsample":false,"seconds":5.0,"overhead":0.0,"memory_tolerance":0.01}],"times":[6.66851306e9]}],["Trial",{"allocs":11,"gctimes":[0.0],"memory":10832,"params":["Parameters",{"gctrial":true,"time_tolerance":0.05,"evals_set":false,"samples":10000,"evals":1,"gcsample":false,"seconds":5.0,"overhead":0.0,"memory_tolerance":0.01}],"times":[1.4660914073e10]}],["Trial",{"allocs":11,"gctimes":[0.0],"memory":10832,"params":["Parameters",{"gctrial":true,"time_tolerance":0.05,"evals_set":false,"samples":10000,"evals":1,"gcsample":false,"seconds":5.0,"overhead":0.0,"memory_tolerance":0.01}],"times":[3.0382671126e10]}]],"medians":[342.273929,744.079143,1521.4697085,3156.1487545,6668.51306,14660.914073,30382.671126]}