{"lengs":[10.0,100.0,1000.0],"benchmarks":[["Trial",{"allocs":11,"gctimes":[0.0,0.0,0.0,0.0,0.0,0.0,0.0,0.0,0.0,0.0,0.0,0.0,0.0,0.0,0.0,0.0,0.0,0.0,0.0,0.0,0.0,0.0,0.0,0.0,0.0,0.0,0.0,0.0,0.0,0.0,0.0,0.0,0.0,0.0,0.0,0.0,0.0,0.0,0.0,0.0,0.0,0.0,0.0,0.0,0.0,0.0,0.0,0.0,0.0,0.0,0.0,0.0,0.0,0.0,0.0,0.0,0.0,0.0,0.0,0.0,0.0,0.0,0.0,0.0,0.0,0.0,0.0,0.0,0.0,0.0,0.0,0.0,0.0,0.0,0.0,0.0,0.0,0.0,0.0,0.0,0.0,0.0,0.0,0.0,0.0,0.0,0.0,0.0,0.0,0.0,0.0,0.0,0.0,0.0,0.0,0.0,0.0,0.0,0.0,0.0,0.0,0.0,0.0,0.0,0.0,0.0,0.0,0.0,0.0,0.0,0.0,0.0,0.0,0.0,0.0,0.0,0.0,0.0,0.0,0.0,0.0,0.0,0.0,0.0,0.0,0.0,0.0,0.0,0.0,0.0,0.0,0.0,0.0,0.0,0.0,0.0,0.0,0.0,0.0,0.0,0.0,0.0,0.0,0.0,0.0,0.0,0.0,0.0,0.0,0.0,0.0,0.0,0.0,0.0,0.0,0.0],"memory":2144,"params":["Parameters",{"gctrial":true,"time_tolerance":0.05,"evals_set":false,"samples":10000,"evals":1,"gcsample":false,"seconds":5.0,"overhead":0.0,"memory_tolerance":0.01}],"times":[3.1663548e7,3.2309878e7,3.163657e7,3.1663999e7,3.1610268e7,3.1514532e7,3.1407549e7,3.1542661e7,3.1852597e7,3.1731394e7,3.1804929e7,3.3415686e7,3.1888217e7,3.1725908e7,3.1752538e7,3.1451943e7,3.1501382e7,3.1191194e7,3.1724534e7,3.135132e7,3.1355582e7,3.1417623e7,3.1526113e7,3.1567257e7,3.1305326e7,3.1605174e7,3.1415002e7,3.1725618e7,3.1238236e7,3.1539525e7,3.1495209e7,3.3854232e7,3.1286373e7,3.1376197e7,3.1542204e7,3.1526603e7,3.1284533e7,3.1473704e7,3.1858439e7,3.1292183e7,3.1438746e7,3.1497675e7,3.1319994e7,3.1967922e7,3.1339382e7,3.1388321e7,3.1266609e7,3.151453e7,3.196182e7,3.1820458e7,3.1514925e7,3.1421875e7,3.1301538e7,3.1721019e7,3.1528479e7,3.1519707e7,3.1304587e7,3.1413962e7,3.126092e7,3.1585977e7,3.1479204e7,3.1364729e7,3.126682e7,3.3248875e7,3.3440157e7,3.3044396e7,3.2912692e7,3.3198954e7,3.3110083e7,3.3140944e7,3.3189824e7,3.2900109e7,3.2982912e7,3.3089828e7,3.2902329e7,3.3197956e7,3.3120554e7,3.3329239e7,3.5198483e7,3.1707064e7,3.1697728e7,3.1427832e7,3.1649347e7,3.1584559e7,3.1672133e7,3.2229219e7,3.1662641e7,3.1853643e7,3.1617486e7,3.1877205e7,3.1736126e7,3.1459007e7,3.1637586e7,3.140581e7,3.1434915e7,3.1410562e7,3.1315801e7,3.1346168e7,3.156251e7,3.1562563e7,3.1660789e7,3.1306319e7,3.1449569e7,3.1602151e7,3.1805351e7,3.1520194e7,3.1441236e7,3.1374317e7,3.1662202e7,3.1468334e7,3.1356521e7,3.1757117e7,3.1663709e7,3.151462e7,3.1532286e7,3.1800688e7,3.1471988e7,3.1672076e7,3.1445243e7,3.1593835e7,3.1491945e7,3.1360729e7,3.180403e7,3.1331148e7,3.132832e7,3.1477233e7,3.1873885e7,3.1615706e7,3.1496033e7,3.1546782e7,3.1821022e7,3.1330439e7,3.1588915e7,3.1462734e7,3.1601235e7,3.1412043e7,3.1466795e7,3.1353465e7,3.1224401e7,3.1784708e7,3.1388343e7,3.1509895e7,3.158721e7,3.1418329e7,3.1422826e7,3.1519634e7,3.3716445e7,3.1479827e7,3.1554612e7,3.1535616e7,3.1715117e7,3.1164481e7,3.1450103e7,3.143639e7,3.1598651e7,3.151683e7]}],["Trial",{"allocs":11,"gctimes":[0.0,0.0,0.0,0.0,0.0,0.0,0.0,0.0,0.0,0.0,0.0,0.0,0.0,0.0,0.0,0.0],"memory":2144,"params":["Parameters",{"gctrial":true,"time_tolerance":0.05,"evals_set":false,"samples":10000,"evals":1,"gcsample":false,"seconds":5.0,"overhead":0.0,"memory_tolerance":0.01}],"times":[3.14531033e8,3.13625664e8,3.11126392e8,3.22843257e8,3.1823781e8,3.1103188e8,3.11291544e8,3.12831749e8,3.10308706e8,3.10791737e8,3.1113916e8,3.11139636e8,3.11446387e8,3.11361405e8,3.14991561e8,3.11590751e8]}],["Trial",{"allocs":11,"gctimes":[0.0,0.0],"memory":2144,"params":["Parameters",{"gctrial":true,"time_tolerance":0.05,"evals_set":false,"samples":10000,"evals":1,"gcsample":false,"seconds":5.0,"overhead":0.0,"memory_tolerance":0.01}],"times":[3.10514911e9,3.137182498e9]}]],"medians":[31.5375705,311.403896,3121.165804]}