{"lengs":[10.0,100.0,1000.0],"benchmarks":[["Trial",{"allocs":11,"gctimes":[0.0,0.0,0.0,0.0,0.0,0.0,0.0,0.0,0.0,0.0,0.0,0.0,0.0,0.0,0.0,0.0,0.0,0.0,0.0,0.0,0.0,0.0,0.0,0.0,0.0,0.0,0.0,0.0,0.0,0.0,0.0,0.0,0.0,0.0,0.0,0.0,0.0,0.0,0.0,0.0,0.0,0.0,0.0,0.0,0.0,0.0,0.0,0.0,0.0,0.0,0.0,0.0,0.0,0.0,0.0,0.0,0.0,0.0,0.0,0.0,0.0,0.0,0.0,0.0,0.0,0.0,0.0,0.0,0.0,0.0,0.0,0.0,0.0,0.0,0.0,0.0,0.0,0.0,0.0,0.0,0.0,0.0,0.0,0.0,0.0,0.0,0.0,0.0,0.0,0.0,0.0,0.0,0.0,0.0,0.0,0.0,0.0,0.0,0.0,0.0,0.0,0.0,0.0,0.0,0.0,0.0,0.0,0.0,0.0,0.0,0.0,0.0,0.0,0.0,0.0,0.0,0.0,0.0,0.0,0.0,0.0,0.0,0.0,0.0,0.0,0.0,0.0,0.0,0.0,0.0,0.0,0.0,0.0,0.0,0.0,0.0,0.0,0.0,0.0,0.0,0.0,0.0,0.0,0.0,0.0,0.0,0.0,0.0,0.0,0.0,0.0,0.0,0.0,0.0,0.0,0.0,0.0],"memory":2144,"params":["Parameters",{"gctrial":true,"time_tolerance":0.05,"evals_set":false,"samples":10000,"evals":1,"gcsample":false,"seconds":5.0,"overhead":0.0,"memory_tolerance":0.01}],"times":[3.1634486e7,3.1356355e7,3.2242813e7,3.2340151e7,3.1614219e7,3.1581052e7,3.1676387e7,3.1587394e7,3.1514824e7,3.1659636e7,3.2198943e7,3.1886854e7,3.1448545e7,3.148689e7,3.1590252e7,3.1481113e7,3.1491063e7,3.1455954e7,3.1523728e7,3.1538607e7,3.1684337e7,3.1663993e7,3.142498e7,3.2498019e7,3.1669193e7,3.1429296e7,3.1498935e7,3.1600215e7,3.1788349e7,3.2133211e7,3.1555092e7,3.1424014e7,3.1682154e7,3.1490736e7,3.1661367e7,3.1614544e7,3.2061225e7,3.1620014e7,3.146062e7,3.173601e7,3.2131734e7,3.1460322e7,3.1686917e7,3.2615144e7,3.159118e7,3.1629445e7,3.1590076e7,3.1710852e7,3.1219576e7,3.1627072e7,3.2277414e7,3.4072439e7,3.1283621e7,3.1574982e7,3.1341763e7,3.1680257e7,3.2242715e7,3.2742299e7,3.2520849e7,3.2482213e7,3.1496671e7,3.1575077e7,3.1333396e7,3.2052612e7,3.1641371e7,3.3106947e7,3.1283522e7,3.1382042e7,3.1554638e7,3.2586893e7,3.2296331e7,3.1334738e7,3.1511274e7,3.1319666e7,3.1537991e7,3.1491704e7,3.1474291e7,3.2053956e7,3.1380791e7,3.1473177e7,3.1615653e7,3.1492704e7,3.1501559e7,3.1208479e7,3.1966106e7,3.2043042e7,3.1519925e7,3.132648e7,3.1439859e7,3.1625997e7,3.1945945e7,3.180754e7,3.1725578e7,3.1554051e7,3.1794175e7,3.1682294e7,3.2286117e7,3.1432518e7,3.1299707e7,3.1577527e7,3.1587807e7,3.1541071e7,3.1559532e7,3.213803e7,3.137432e7,3.1347743e7,3.1432875e7,3.1491735e7,3.2074232e7,3.1571872e7,3.1413729e7,3.1556742e7,3.15464e7,3.2021579e7,3.2228455e7,3.1616819e7,3.1557792e7,3.1558176e7,3.2071566e7,3.1391662e7,3.1522433e7,3.2469931e7,3.1559565e7,3.1652186e7,3.1982662e7,3.1393498e7,3.1561855e7,3.1860697e7,3.1528293e7,3.1856241e7,3.1393321e7,3.1682361e7,3.2245859e7,3.2325553e7,3.1541018e7,3.1578459e7,3.137347e7,3.2085506e7,3.1418177e7,3.155697e7,3.1506372e7,3.1385284e7,3.2390046e7,3.1497969e7,3.1441099e7,3.1590642e7,3.1848083e7,3.1245605e7,3.1396787e7,3.1539356e7,3.1498314e7,3.2268992e7,3.1821419e7,3.1466031e7,3.1542467e7,3.1247676e7,3.1653029e7]}],["Trial",{"allocs":11,"gctimes":[0.0,0.0,0.0,0.0,0.0,0.0,0.0,0.0,0.0,0.0,0.0,0.0,0.0,0.0,0.0,0.0,0.0],"memory":2144,"params":["Parameters",{"gctrial":true,"time_tolerance":0.05,"evals_set":false,"samples":10000,"evals":1,"gcsample":false,"seconds":5.0,"overhead":0.0,"memory_tolerance":0.01}],"times":[3.07084541e8,3.03590755e8,2.99267509e8,3.00064962e8,3.00568127e8,3.00870845e8,3.00370318e8,3.01551135e8,3.02630959e8,3.00197946e8,3.00597628e8,3.1067095e8,2.99796847e8,2.99248867e8,3.00022827e8,2.99475148e8,2.99546053e8]}],["Trial",{"allocs":11,"gctimes":[0.0,0.0],"memory":2144,"params":["Parameters",{"gctrial":true,"time_tolerance":0.05,"evals_set":false,"samples":10000,"evals":1,"gcsample":false,"seconds":5.0,"overhead":0.0,"memory_tolerance":0.01}],"times":[3.01894608e9,3.019818597e9]}]],"medians":[31.577527,300.370318,3019.3823385]}