{"lengs":[10.0,100.0,1000.0],"benchmarks":[["Trial",{"allocs":11,"gctimes":[0.0,0.0,0.0,0.0,0.0,0.0,0.0,0.0,0.0,0.0,0.0,0.0,0.0,0.0,0.0,0.0,0.0,0.0,0.0,0.0,0.0,0.0],"memory":3680,"params":["Parameters",{"gctrial":true,"time_tolerance":0.05,"evals_set":false,"samples":10000,"evals":1,"gcsample":false,"seconds":5.0,"overhead":0.0,"memory_tolerance":0.01}],"times":[2.4047025e8,2.36703687e8,2.3575557e8,2.32462858e8,2.42053096e8,2.3416725e8,2.34083176e8,2.33898073e8,2.34092728e8,2.34433783e8,2.34763211e8,2.33155146e8,2.3525777e8,2.33130911e8,2.33769489e8,2.32824233e8,2.33768466e8,2.33863316e8,2.34166213e8,2.33457863e8,2.34268822e8,2.32660427e8]}],["Trial",{"allocs":11,"gctimes":[0.0,0.0,0.0],"memory":3680,"params":["Parameters",{"gctrial":true,"time_tolerance":0.05,"evals_set":false,"samples":10000,"evals":1,"gcsample":false,"seconds":5.0,"overhead":0.0,"memory_tolerance":0.01}],"times":[2.084974433e9,2.050435047e9,2.051325939e9]}],["Trial",{"allocs":11,"gctimes":[0.0],"memory":3680,"params":["Parameters",{"gctrial":true,"time_tolerance":0.05,"evals_set":false,"samples":10000,"evals":1,"gcsample":false,"seconds":5.0,"overhead":0.0,"memory_tolerance":0.01}],"times":[2.0518713629e10]}]],"medians":[234.087952,2051.325939,20518.713629]}