{"lengs":[10.0,21.544346900318832,46.4158883361278,100.0,215.44346900318845,464.15888336127773,1000.0],"benchmarks":[["Trial",{"allocs":14,"gctimes":[0.0,0.0,0.0,0.0,0.0,0.0,0.0,0.0,0.0,0.0,0.0,0.0],"memory":91808,"params":["Parameters",{"gctrial":true,"time_tolerance":0.05,"evals_set":false,"samples":10000,"evals":1,"gcsample":false,"seconds":5.0,"overhead":0.0,"memory_tolerance":0.01}],"times":[3.79582707e8,4.30292456e8,6.43481176e8,4.10096828e8,4.06250901e8,3.74326076e8,3.98216524e8,3.20185325e8,3.39250867e8,4.18108061e8,4.42979857e8,5.86912659e8]}],["Trial",{"allocs":14,"gctimes":[0.0,0.0,0.0],"memory":91808,"params":["Parameters",{"gctrial":true,"time_tolerance":0.05,"evals_set":false,"samples":10000,"evals":1,"gcsample":false,"seconds":5.0,"overhead":0.0,"memory_tolerance":0.01}],"times":[1.98703115e9,1.970212731e9,2.066539195e9]}],["Trial",{"allocs":14,"gctimes":[0.0],"memory":91808,"params":["Parameters",{"gctrial":true,"time_tolerance":0.05,"evals_set":false,"samples":10000,"evals":1,"gcsample":false,"seconds":5.0,"overhead":0.0,"memory_tolerance":0.01}],"times":[6.062735758e9]}],["Trial",{"allocs":14,"gctimes":[0.0],"memory":91808,"params":["Parameters",{"gctrial":true,"time_tolerance":0.05,"evals_set":false,"samples":10000,"evals":1,"gcsample":false,"seconds":5.0,"overhead":0.0,"memory_tolerance":0.01}],"times":[1.3975840147e10]}],["Trial",{"allocs":14,"gctimes":[0.0],"memory":91808,"params":["Parameters",{"gctrial":true,"time_tolerance":0.05,"evals_set":false,"samples":10000,"evals":1,"gcsample":false,"seconds":5.0,"overhead":0.0,"memory_tolerance":0.01}],"times":[2.5853402686e10]}],["Trial",{"allocs":14,"gctimes":[0.0],"memory":91808,"params":["Parameters",{"gctrial":true,"time_tolerance":0.05,"evals_set":false,"samples":10000,"evals":1,"gcsample":false,"seconds":5.0,"overhead":0.0,"memory_tolerance":0.01}],"times":[4.1513166956e10]}],["Trial",{"allocs":14,"gctimes":[0.0],"memory":91808,"params":["Parameters",{"gctrial":true,"time_tolerance":0.05,"evals_set":false,"samples":10000,"evals":1,"gcsample":false,"seconds":5.0,"overhead":0.0,"memory_tolerance":0.01}],"times":[6.4277775636e10]}]],"medians":[408.1738645,1987.03115,6062.735758,13975.840147,25853.402686,41513.166956,64277.775636]}