{"lengs":[10.0,100.0,1000.0],"benchmarks":[["Trial",{"allocs":11,"gctimes":[0.0,0.0,0.0,0.0,0.0,0.0,0.0,0.0,0.0,0.0,0.0,0.0,0.0,0.0,0.0,0.0,0.0,0.0,0.0,0.0,0.0,0.0,0.0,0.0,0.0,0.0,0.0,0.0,0.0,0.0,0.0,0.0,0.0,0.0,0.0,0.0,0.0,0.0,0.0,0.0,0.0,0.0,0.0,0.0,0.0,0.0,0.0,0.0,0.0,0.0,0.0,0.0,0.0,0.0,0.0,0.0,0.0,0.0,0.0,0.0,0.0,0.0,0.0,0.0,0.0,0.0,0.0,0.0,0.0,0.0,0.0,0.0,0.0,0.0,0.0,0.0,0.0,0.0,0.0,0.0,0.0,0.0,0.0,0.0,0.0,0.0,0.0,0.0,0.0,0.0,0.0,0.0,0.0,0.0,0.0,0.0,0.0,0.0,0.0,0.0,0.0,0.0,0.0],"memory":3680,"params":["Parameters",{"gctrial":true,"time_tolerance":0.05,"evals_set":false,"samples":10000,"evals":1,"gcsample":false,"seconds":5.0,"overhead":0.0,"memory_tolerance":0.01}],"times":[5.4084238e7,4.7930301e7,4.9506889e7,4.842491e7,4.8535476e7,4.8590494e7,4.8019753e7,4.8080018e7,4.7557164e7,4.7656107e7,4.7771946e7,4.7828975e7,4.8404021e7,4.7775251e7,4.8531293e7,4.8362485e7,4.8400229e7,4.9403472e7,4.7796874e7,4.7744344e7,4.9306692e7,4.8464282e7,4.8283468e7,4.8033487e7,5.0104202e7,4.8261757e7,4.8108413e7,4.8199992e7,4.7744116e7,4.8011338e7,4.7982389e7,4.8422412e7,4.8285336e7,4.7738035e7,4.8099245e7,4.8234424e7,4.7697442e7,4.8480896e7,4.8075355e7,4.8427071e7,4.8275485e7,4.8545972e7,4.7992938e7,4.7954916e7,4.8878e7,4.7978611e7,4.8775506e7,4.7665277e7,4.8277206e7,4.815169e7,4.7960712e7,4.751673e7,4.8090927e7,4.792154e7,4.8439785e7,4.8332396e7,4.8222517e7,4.7763368e7,4.8343899e7,4.8574062e7,4.9023155e7,4.7977925e7,4.7743613e7,4.8171896e7,4.799435e7,4.8137532e7,4.7348759e7,4.7931007e7,4.7818614e7,4.8253354e7,4.7784021e7,4.7846075e7,4.7281407e7,4.8265935e7,4.7831392e7,4.8667995e7,4.7760323e7,4.8650614e7,4.9538581e7,4.8243741e7,4.8572164e7,4.8141638e7,4.7336528e7,4.7785239e7,4.7682533e7,4.7671106e7,4.8325361e7,4.8516024e7,4.7756562e7,4.9111108e7,4.7993909e7,5.0181907e7,4.7870236e7,4.7891584e7,4.7560885e7,4.8334279e7,4.8106805e7,4.8350156e7,4.7834562e7,4.7603642e7,4.8704811e7,4.8160836e7,4.7995831e7]}],["Trial",{"allocs":11,"gctimes":[0.0,0.0,0.0,0.0,0.0,0.0,0.0,0.0,0.0,0.0,0.0],"memory":3680,"params":["Parameters",{"gctrial":true,"time_tolerance":0.05,"evals_set":false,"samples":10000,"evals":1,"gcsample":false,"seconds":5.0,"overhead":0.0,"memory_tolerance":0.01}],"times":[5.06660609e8,4.92681818e8,4.92873691e8,4.9529597e8,4.89966216e8,4.92967971e8,4.91001407e8,4.91694568e8,4.91278944e8,4.94379133e8,4.95260071e8]}],["Trial",{"allocs":11,"gctimes":[0.0],"memory":3680,"params":["Parameters",{"gctrial":true,"time_tolerance":0.05,"evals_set":false,"samples":10000,"evals":1,"gcsample":false,"seconds":5.0,"overhead":0.0,"memory_tolerance":0.01}],"times":[5.011542384e9]}]],"medians":[48.108413,492.873691,5011.542384]}