{"lengs":[10.0,31.622776601683793,100.0,316.22776601683796,1000.0,3162.2776601683795,10000.0],"benchmarks":[["Trial",{"allocs":11,"gctimes":[0.0,0.0,0.0,0.0,0.0,0.0,0.0,0.0,0.0,0.0,0.0,0.0,0.0,0.0,0.0,0.0,0.0,0.0,0.0,0.0,0.0,0.0,0.0,0.0,0.0,0.0,0.0,0.0,0.0,0.0,0.0,0.0,0.0,0.0,0.0,0.0],"memory":3680,"params":["Parameters",{"gctrial":true,"time_tolerance":0.05,"evals_set":false,"samples":10000,"evals":1,"gcsample":false,"seconds":5.0,"overhead":0.0,"memory_tolerance":0.01}],"times":[1.41051437e8,1.69585288e8,1.42344653e8,1.42154458e8,1.38286528e8,1.38041702e8,1.37846632e8,1.37639683e8,1.38076709e8,1.37243805e8,1.38454905e8,1.37821549e8,1.3689094e8,1.37710496e8,1.38337038e8,1.38654852e8,1.37887519e8,1.36863867e8,1.37890457e8,1.37570207e8,1.3804772e8,1.38236481e8,1.44518556e8,1.37982183e8,1.37821788e8,1.39334424e8,1.38915959e8,1.3853687e8,1.37934514e8,1.36945853e8,1.37616664e8,1.37661427e8,1.37315886e8,1.3763456e8,1.38474792e8,1.37543443e8]}],["Trial",{"allocs":11,"gctimes":[0.0,0.0,0.0,0.0,0.0,0.0,0.0,0.0,0.0,0.0,0.0,0.0,0.0],"memory":3680,"params":["Parameters",{"gctrial":true,"time_tolerance":0.05,"evals_set":false,"samples":10000,"evals":1,"gcsample":false,"seconds":5.0,"overhead":0.0,"memory_tolerance":0.01}],"times":[4.04626497e8,3.99303482e8,4.01856174e8,4.02067353e8,3.98219316e8,3.98924281e8,3.99663783e8,4.00993355e8,4.00418873e8,3.99432673e8,3.99804915e8,4.00538999e8,4.02311776e8]}],["Trial",{"allocs":11,"gctimes":[0.0,0.0,0.0,0.0,0.0],"memory":3680,"params":["Parameters",{"gctrial":true,"time_tolerance":0.05,"evals_set":false,"samples":10000,"evals":1,"gcsample":false,"seconds":5.0,"overhead":0.0,"memory_tolerance":0.01}],"times":[1.232347862e9,1.228717329e9,1.229371389e9,1.226594996e9,1.221730823e9]}],["Trial",{"allocs":11,"gctimes":[0.0,0.0],"memory":3680,"params":["Parameters",{"gctrial":true,"time_tolerance":0.05,"evals_set":false,"samples":10000,"evals":1,"gcsample":false,"seconds":5.0,"overhead":0.0,"memory_tolerance":0.01}],"times":[3.840744584e9,3.848144467e9]}],["Trial",{"allocs":11,"gctimes":[0.0],"memory":3680,"params":["Parameters",{"gctrial":true,"time_tolerance":0.05,"evals_set":false,"samples":10000,"evals":1,"gcsample":false,"seconds":5.0,"overhead":0.0,"memory_tolerance":0.01}],"times":[1.2121468191e10]}],["Trial",{"allocs":11,"gctimes":[0.0],"memory":3680,"params":["Parameters",{"gctrial":true,"time_tolerance":0.05,"evals_set":false,"samples":10000,"evals":1,"gcsample":false,"seconds":5.0,"overhead":0.0,"memory_tolerance":0.01}],"times":[3.8259867182e10]}],["Trial",{"allocs":11,"gctimes":[0.0],"memory":3680,"params":["Parameters",{"gctrial":true,"time_tolerance":0.05,"evals_set":false,"samples":10000,"evals":1,"gcsample":false,"seconds":5.0,"overhead":0.0,"memory_tolerance":0.01}],"times":[1.19328037719e11]}]],"medians":[137.9583485,400.418873,1228.717329,3844.4445255,12121.468191,38259.867182,119328.037719]}