{"lengs":[10.0,100.0,1000.0],"benchmarks":[["Trial",{"allocs":11,"gctimes":[0.0,0.0,0.0,0.0,0.0,0.0,0.0,0.0,0.0,0.0,0.0,0.0,0.0,0.0,0.0,0.0,0.0,0.0,0.0,0.0,0.0],"memory":8528,"params":["Parameters",{"gctrial":true,"time_tolerance":0.05,"evals_set":false,"samples":10000,"evals":1,"gcsample":false,"seconds":5.0,"overhead":0.0,"memory_tolerance":0.01}],"times":[2.42876888e8,2.41971918e8,2.3670023e8,2.37659573e8,2.36528287e8,2.37623586e8,2.41702338e8,2.39751e8,2.36574283e8,2.38721336e8,2.37243299e8,2.41110595e8,2.38650859e8,2.37899858e8,2.36902742e8,2.37701582e8,2.40239177e8,2.38525874e8,2.3979796e8,2.3839637e8,2.37133011e8]}],["Trial",{"allocs":11,"gctimes":[0.0,0.0,0.0],"memory":8528,"params":["Parameters",{"gctrial":true,"time_tolerance":0.05,"evals_set":false,"samples":10000,"evals":1,"gcsample":false,"seconds":5.0,"overhead":0.0,"memory_tolerance":0.01}],"times":[2.454173714e9,2.435561074e9,2.45812565e9]}],["Trial",{"allocs":11,"gctimes":[0.0],"memory":8528,"params":["Parameters",{"gctrial":true,"time_tolerance":0.05,"evals_set":false,"samples":10000,"evals":1,"gcsample":false,"seconds":5.0,"overhead":0.0,"memory_tolerance":0.01}],"times":[2.4474178368e10]}]],"medians":[238.39637,2454.173714,24474.178368]}