{"lengs":[10.0,31.622776601683793,100.0,316.22776601683796,1000.0,3162.2776601683795,10000.0],"benchmarks":[["Trial",{"allocs":11,"gctimes":[0.0,0.0,0.0,0.0,0.0,0.0,0.0,0.0,0.0,0.0,0.0,0.0,0.0,0.0,0.0,0.0,0.0,0.0,0.0,0.0,0.0,0.0,0.0,0.0,0.0,0.0,0.0,0.0,0.0,0.0,0.0,0.0,0.0,0.0,0.0],"memory":3680,"params":["Parameters",{"gctrial":true,"time_tolerance":0.05,"evals_set":false,"samples":10000,"evals":1,"gcsample":false,"seconds":5.0,"overhead":0.0,"memory_tolerance":0.01}],"times":[1.43571436e8,1.73869401e8,1.38824959e8,1.38310845e8,1.37383042e8,1.41339858e8,1.3886273e8,1.39671286e8,1.38644951e8,1.40189496e8,1.3892012e8,1.38825672e8,1.38796244e8,1.39672595e8,1.41064988e8,1.38781753e8,1.38099917e8,1.40595229e8,1.3893116e8,1.37998823e8,1.40129509e8,1.39216444e8,1.39297636e8,1.38575356e8,1.38613985e8,1.38217268e8,1.38592851e8,1.39203782e8,1.43315356e8,1.45314635e8,1.43582045e8,1.39834119e8,1.41500651e8,1.40810176e8,1.38273594e8]}],["Trial",{"allocs":11,"gctimes":[0.0,0.0,0.0,0.0,0.0,0.0,0.0,0.0,0.0,0.0,0.0,0.0,0.0],"memory":3680,"params":["Parameters",{"gctrial":true,"time_tolerance":0.05,"evals_set":false,"samples":10000,"evals":1,"gcsample":false,"seconds":5.0,"overhead":0.0,"memory_tolerance":0.01}],"times":[4.09870589e8,4.04505544e8,4.03674517e8,4.04338516e8,4.03105437e8,4.04282771e8,4.06524475e8,4.1747663e8,4.01346007e8,4.07116381e8,4.01351842e8,4.02523735e8,4.05689011e8]}],["Trial",{"allocs":11,"gctimes":[0.0,0.0,0.0,0.0,0.0],"memory":3680,"params":["Parameters",{"gctrial":true,"time_tolerance":0.05,"evals_set":false,"samples":10000,"evals":1,"gcsample":false,"seconds":5.0,"overhead":0.0,"memory_tolerance":0.01}],"times":[1.245341716e9,1.23943322e9,1.234430043e9,1.235988405e9,1.235072087e9]}],["Trial",{"allocs":11,"gctimes":[0.0,0.0],"memory":3680,"params":["Parameters",{"gctrial":true,"time_tolerance":0.05,"evals_set":false,"samples":10000,"evals":1,"gcsample":false,"seconds":5.0,"overhead":0.0,"memory_tolerance":0.01}],"times":[3.86203634e9,3.864813527e9]}],["Trial",{"allocs":11,"gctimes":[0.0],"memory":3680,"params":["Parameters",{"gctrial":true,"time_tolerance":0.05,"evals_set":false,"samples":10000,"evals":1,"gcsample":false,"seconds":5.0,"overhead":0.0,"memory_tolerance":0.01}],"times":[1.2205448588e10]}],["Trial",{"allocs":11,"gctimes":[0.0],"memory":3680,"params":["Parameters",{"gctrial":true,"time_tolerance":0.05,"evals_set":false,"samples":10000,"evals":1,"gcsample":false,"seconds":5.0,"overhead":0.0,"memory_tolerance":0.01}],"times":[3.8183506714e10]}],["Trial",{"allocs":11,"gctimes":[0.0],"memory":3680,"params":["Parameters",{"gctrial":true,"time_tolerance":0.05,"evals_set":false,"samples":10000,"evals":1,"gcsample":false,"seconds":5.0,"overhead":0.0,"memory_tolerance":0.01}],"times":[1.19961673875e11]}]],"medians":[139.203782,404.338516,1235.988405,3863.4249335,12205.448588,38183.506714,119961.673875]}