{"lengs":[10.0,100.0,1000.0],"benchmarks":[["Trial",{"allocs":11,"gctimes":[0.0,0.0,0.0,0.0,0.0,0.0,0.0,0.0,0.0,0.0,0.0,0.0,0.0,0.0,0.0,0.0,0.0,0.0,0.0,0.0,0.0,0.0,0.0,0.0,0.0,0.0,0.0,0.0,0.0,0.0],"memory":3680,"params":["Parameters",{"gctrial":true,"time_tolerance":0.05,"evals_set":false,"samples":10000,"evals":1,"gcsample":false,"seconds":5.0,"overhead":0.0,"memory_tolerance":0.01}],"times":[1.83541192e8,1.93564728e8,1.68166923e8,1.66056289e8,1.65273851e8,1.66247187e8,1.65741819e8,1.66593263e8,1.63875417e8,1.65396482e8,1.6735754e8,1.66730833e8,1.66270944e8,1.66434047e8,1.63137055e8,1.62802305e8,1.65156718e8,1.62805895e8,1.62254289e8,1.63089175e8,1.63806516e8,1.65013123e8,1.63584721e8,1.63031981e8,1.63226998e8,1.65120672e8,1.63216703e8,1.64750001e8,1.64164068e8,1.63396126e8]}],["Trial",{"allocs":11,"gctimes":[0.0,0.0,0.0,0.0],"memory":3680,"params":["Parameters",{"gctrial":true,"time_tolerance":0.05,"evals_set":false,"samples":10000,"evals":1,"gcsample":false,"seconds":5.0,"overhead":0.0,"memory_tolerance":0.01}],"times":[1.654367738e9,1.666229871e9,1.662498917e9,1.666128542e9]}],["Trial",{"allocs":11,"gctimes":[0.0],"memory":3680,"params":["Parameters",{"gctrial":true,"time_tolerance":0.05,"evals_set":false,"samples":10000,"evals":1,"gcsample":false,"seconds":5.0,"overhead":0.0,"memory_tolerance":0.01}],"times":[1.6387018181e10]}]],"medians":[165.0668975,1664.3137295,16387.018181]}