{"lengs":[10.0,100.0,1000.0],"benchmarks":[["Trial",{"allocs":11,"gctimes":[0.0,0.0,0.0,0.0,0.0,0.0,0.0,0.0,0.0,0.0,0.0,0.0,0.0,0.0,0.0,0.0,0.0,0.0,0.0,0.0,0.0,0.0,0.0,0.0,0.0,0.0,0.0,0.0,0.0,0.0,0.0,0.0,0.0,0.0,0.0,0.0,0.0,0.0,0.0,0.0,0.0,0.0,0.0,0.0,0.0,0.0,0.0,0.0,0.0,0.0,0.0,0.0,0.0,0.0,0.0,0.0,0.0,0.0,0.0,0.0,0.0,0.0,0.0,0.0,0.0,0.0,0.0,0.0,0.0,0.0,0.0,0.0,0.0,0.0,0.0,0.0,0.0,0.0,0.0,0.0,0.0,0.0,0.0,0.0,0.0,0.0,0.0,0.0,0.0,0.0,0.0,0.0,0.0,0.0,0.0,0.0,0.0,0.0,0.0,0.0,0.0,0.0,0.0,0.0,0.0,0.0,0.0,0.0,0.0,0.0,0.0,0.0,0.0,0.0,0.0,0.0,0.0,0.0,0.0,0.0,0.0,0.0,0.0,0.0,0.0,0.0,0.0,0.0,0.0,0.0,0.0,0.0,0.0,0.0,0.0,0.0,0.0,0.0,0.0,0.0,0.0,0.0,0.0,0.0,0.0,0.0,0.0,0.0,0.0,0.0,0.0,0.0,0.0,0.0,0.0,0.0,0.0],"memory":2144,"params":["Parameters",{"gctrial":true,"time_tolerance":0.05,"evals_set":false,"samples":10000,"evals":1,"gcsample":false,"seconds":5.0,"overhead":0.0,"memory_tolerance":0.01}],"times":[4.6281327e7,4.1907467e7,3.1670337e7,3.1599029e7,3.1267504e7,3.1271791e7,3.1182449e7,3.1394735e7,3.1270786e7,3.1408151e7,3.1384275e7,3.1164097e7,3.1407938e7,3.1470549e7,3.1553372e7,3.118548e7,3.1262554e7,3.1439384e7,3.1543018e7,3.1346159e7,3.1449324e7,3.1459719e7,3.1309319e7,3.1416057e7,3.3738709e7,3.1198249e7,3.1257661e7,3.1425438e7,3.1672493e7,3.1468799e7,3.1579588e7,3.1496622e7,3.1398151e7,3.1430551e7,3.1427597e7,3.1339048e7,3.1413874e7,3.1432492e7,3.1185417e7,3.1409152e7,3.1212614e7,3.1288399e7,3.1453127e7,3.1271654e7,3.1422055e7,3.1558349e7,3.1411473e7,3.1378323e7,3.1509894e7,3.2053607e7,3.1477737e7,3.1276088e7,3.1555249e7,3.1478226e7,3.1419803e7,3.1483626e7,3.1368851e7,3.1363305e7,3.1437966e7,3.1327e7,3.1305695e7,3.1438499e7,3.1424551e7,3.1325269e7,3.1420352e7,3.1445431e7,3.143406e7,3.1377674e7,3.1479194e7,3.1302808e7,3.1392312e7,3.1586207e7,3.1273704e7,3.1281436e7,3.1211672e7,3.3370727e7,3.1469715e7,3.1468822e7,3.1399722e7,3.1225388e7,3.1958205e7,3.1588289e7,3.1428505e7,3.1697931e7,3.1296364e7,3.1539517e7,3.1391481e7,3.1440479e7,3.1414882e7,3.1429626e7,3.1205822e7,3.1337348e7,3.1226884e7,3.1367958e7,3.1509688e7,3.1380115e7,3.1337445e7,3.1370101e7,3.1479273e7,3.1515979e7,3.1669054e7,3.1530972e7,3.1284068e7,3.1491274e7,3.1402198e7,3.1295849e7,3.1468357e7,3.1385337e7,3.1241911e7,3.1301246e7,3.1149021e7,3.1356736e7,3.1337871e7,3.1536268e7,3.1412285e7,3.1363891e7,3.154462e7,3.1901539e7,3.1365293e7,3.1498001e7,3.1603482e7,3.1275712e7,3.1246876e7,3.1572783e7,3.1615408e7,3.1272048e7,3.1389116e7,3.1385383e7,3.1206213e7,3.1711392e7,3.1536491e7,3.1117714e7,3.1402181e7,3.1398256e7,3.1379063e7,3.1237444e7,3.146245e7,3.122233e7,3.1679253e7,3.1492026e7,3.1133376e7,3.2964148e7,3.1425556e7,3.1552153e7,3.1375902e7,3.1280888e7,3.135012e7,3.161254e7,3.1412055e7,3.1207308e7,3.1290736e7,3.1563803e7,3.1225252e7,3.1322176e7,3.1379938e7,3.1539026e7,3.1474539e7]}],["Trial",{"allocs":11,"gctimes":[0.0,0.0,0.0,0.0,0.0,0.0,0.0,0.0,0.0,0.0,0.0,0.0,0.0,0.0,0.0,0.0,0.0],"memory":2144,"params":["Parameters",{"gctrial":true,"time_tolerance":0.05,"evals_set":false,"samples":10000,"evals":1,"gcsample":false,"seconds":5.0,"overhead":0.0,"memory_tolerance":0.01}],"times":[3.05351672e8,3.11192577e8,3.02939978e8,3.03278757e8,3.05479988e8,3.02954471e8,3.04459863e8,3.04063301e8,3.0264159e8,3.02933779e8,3.03805464e8,3.04170907e8,3.04158141e8,3.05532236e8,3.03793945e8,3.04282193e8,3.03282355e8]}],["Trial",{"allocs":11,"gctimes":[0.0,0.0],"memory":2144,"params":["Parameters",{"gctrial":true,"time_tolerance":0.05,"evals_set":false,"samples":10000,"evals":1,"gcsample":false,"seconds":5.0,"overhead":0.0,"memory_tolerance":0.01}],"times":[3.060958953e9,3.090442124e9]}]],"medians":[31.411473,304.063301,3075.7005385]}