{"lengs":[10.0,100.0,1000.0],"benchmarks":[["Trial",{"allocs":11,"gctimes":[0.0,0.0,0.0,0.0,0.0,0.0,0.0,0.0,0.0,0.0,0.0,0.0,0.0,0.0,0.0,0.0,0.0,0.0,0.0,0.0,0.0,0.0,0.0,0.0,0.0,0.0,0.0,0.0,0.0,0.0,0.0,0.0,0.0,0.0,0.0,0.0,0.0,0.0,0.0,0.0,0.0,0.0,0.0,0.0,0.0,0.0,0.0,0.0,0.0,0.0,0.0,0.0,0.0,0.0,0.0,0.0,0.0,0.0,0.0,0.0,0.0,0.0,0.0,0.0,0.0,0.0,0.0,0.0,0.0,0.0,0.0,0.0,0.0,0.0,0.0,0.0,0.0,0.0,0.0,0.0,0.0,0.0,0.0,0.0,0.0,0.0,0.0,0.0,0.0,0.0,0.0,0.0,0.0,0.0,0.0,0.0,0.0,0.0,0.0,0.0,0.0,0.0,0.0,0.0,0.0,0.0,0.0,0.0,0.0,0.0,0.0,0.0,0.0,0.0,0.0,0.0,0.0,0.0,0.0,0.0,0.0,0.0,0.0,0.0,0.0,0.0,0.0,0.0,0.0,0.0,0.0,0.0,0.0,0.0,0.0,0.0,0.0,0.0,0.0,0.0,0.0,0.0,0.0,0.0,0.0,0.0,0.0,0.0,0.0,0.0,0.0,0.0,0.0,0.0,0.0,0.0,0.0,0.0,0.0,0.0,0.0,0.0,0.0,0.0,0.0,0.0,0.0,0.0,0.0,0.0,0.0,0.0,0.0,0.0,0.0,0.0,0.0,0.0,0.0,0.0,0.0,0.0,0.0,0.0,0.0,0.0,0.0,0.0,0.0,0.0,0.0,0.0,0.0,0.0,0.0,0.0,0.0,0.0,0.0,0.0,0.0,0.0,0.0,0.0,0.0,0.0,0.0,0.0,0.0,0.0,0.0,0.0,0.0,0.0,0.0,0.0,0.0,0.0,0.0,0.0,0.0,0.0,0.0,0.0,0.0,0.0,0.0,0.0,0.0,0.0,0.0,0.0,0.0,0.0,0.0,0.0,0.0,0.0,0.0,0.0,0.0,0.0,0.0,0.0,0.0,0.0,0.0,0.0,0.0,0.0,0.0,0.0,0.0,0.0,0.0,0.0,0.0,0.0,0.0,0.0,0.0,0.0,0.0,0.0,0.0,0.0,0.0,0.0,0.0,0.0,0.0,0.0,0.0,0.0,0.0,0.0,0.0,0.0,0.0,0.0,0.0,0.0,0.0,0.0,0.0,0.0,0.0,0.0,0.0,0.0,0.0,0.0,0.0,0.0,0.0,0.0,0.0,0.0,0.0,0.0,0.0,0.0,0.0,0.0,0.0,0.0,0.0,0.0,0.0,0.0,0.0,0.0,0.0,0.0,0.0,0.0,0.0,0.0,0.0,0.0,0.0,0.0,0.0,0.0,0.0,0.0,0.0,0.0,0.0,0.0,0.0,0.0,0.0,0.0,0.0,0.0,0.0,0.0,0.0,0.0,0.0,0.0,0.0,0.0,0.0,0.0,0.0,0.0,0.0,0.0],"memory":2144,"params":["Parameters",{"gctrial":true,"time_tolerance":0.05,"evals_set":false,"samples":10000,"evals":1,"gcsample":false,"seconds":5.0,"overhead":0.0,"memory_tolerance":0.01}],"times":[1.4089762e7,1.4902794e7,1.3927816e7,1.4078752e7,1.3540717e7,1.4159857e7,1.4103473e7,1.4253707e7,1.4003511e7,1.4271588e7,1.3988204e7,1.4137163e7,1.3888437e7,1.4188094e7,1.4453025e7,1.4304716e7,1.3871607e7,1.4038359e7,1.4169029e7,1.4482128e7,1.4241902e7,1.414113e7,1.3901676e7,1.4219674e7,1.4299987e7,1.4288684e7,1.4305206e7,1.3993135e7,1.435867e7,1.4153227e7,1.4063399e7,1.397043e7,1.3861247e7,1.3909238e7,1.3971036e7,1.4124489e7,1.3958458e7,1.4272851e7,1.4501657e7,1.42505e7,1.4246897e7,1.4047038e7,1.414725e7,1.4209749e7,1.4334758e7,1.4242236e7,1.4338659e7,1.5892982e7,1.4139618e7,1.4290293e7,1.4312649e7,1.4173042e7,1.4038126e7,1.4278897e7,1.3904538e7,1.4088003e7,1.4373807e7,1.407809e7,1.421545e7,1.3903702e7,1.3983273e7,1.3981044e7,1.4171612e7,1.4259301e7,1.4183387e7,1.361679e7,1.4415166e7,1.4161296e7,1.420875e7,1.4134581e7,1.3832958e7,1.4309226e7,1.4040427e7,1.4101062e7,1.4265692e7,1.4278045e7,1.4325578e7,1.4036761e7,1.4314468e7,1.3980518e7,1.3926951e7,1.4175419e7,1.3984328e7,1.3678434e7,1.391682e7,1.418355e7,1.409468e7,1.3962936e7,1.4293525e7,1.6930145e7,1.414447e7,1.4303715e7,1.4101078e7,1.4319384e7,1.4125267e7,1.4299571e7,1.3610963e7,1.3765139e7,1.402036e7,1.4370191e7,1.3840965e7,1.3757572e7,1.3750106e7,1.440487e7,1.409213e7,1.4307716e7,1.4520389e7,1.423535e7,1.374323e7,1.4188342e7,1.4381765e7,1.5110344e7,1.4780065e7,1.4659097e7,1.4281744e7,1.4794932e7,1.5174557e7,1.5037765e7,1.5186578e7,1.419473e7,1.4086783e7,1.4278103e7,1.3943136e7,1.4528286e7,1.4261034e7,1.3925547e7,1.4139676e7,1.3872283e7,1.4227245e7,1.4286951e7,1.4364147e7,1.4097041e7,1.3830026e7,1.4175173e7,1.4414486e7,1.438167e7,1.4187569e7,1.3968651e7,1.4212299e7,1.4225966e7,1.4105395e7,1.4253558e7,1.3830067e7,1.4155148e7,1.4444059e7,1.4097131e7,1.4060418e7,1.4358537e7,1.4114338e7,1.4299597e7,1.4103729e7,1.3737674e7,1.426245e7,1.4095042e7,1.384946e7,1.4189966e7,1.4137265e7,1.4202812e7,1.4564154e7,1.4045061e7,1.436808e7,1.40909e7,1.4628636e7,1.5329753e7,1.4998991e7,1.4916127e7,1.379019e7,1.4123965e7,1.4065326e7,1.3546931e7,1.4419025e7,1.4179206e7,1.4308526e7,1.422885e7,1.3987849e7,1.4379204e7,1.4234434e7,1.4313781e7,1.4146196e7,1.4195309e7,1.3934489e7,1.4066049e7,1.4323189e7,1.4382709e7,1.4379358e7,1.3917425e7,1.4139304e7,1.4252056e7,1.4202605e7,1.4192127e7,1.4150635e7,1.4159384e7,1.4327309e7,1.3623777e7,1.613459e7,1.4196631e7,1.4270152e7,1.4203949e7,1.4160409e7,1.41161e7,1.3948108e7,1.377555e7,1.3890276e7,1.4368304e7,1.4456563e7,1.4495021e7,1.4361824e7,1.4062065e7,1.4232115e7,1.4076268e7,1.4196907e7,1.4242222e7,1.4323544e7,1.4142636e7,1.4241626e7,1.5128757e7,1.465508e7,1.5246456e7,1.4275668e7,1.4205569e7,1.4278958e7,1.4065094e7,1.4386669e7,1.4198512e7,1.4324733e7,1.455095e7,1.4680628e7,1.4331333e7,1.3863616e7,1.4211468e7,1.4035494e7,1.4250614e7,1.3980048e7,1.3746462e7,1.4833177e7,1.7276306e7,1.4069408e7,1.3620767e7,1.4133332e7,1.3612442e7,1.4086807e7,1.3831754e7,1.4129562e7,1.4163399e7,1.409709e7,1.403563e7,1.4281578e7,1.4215175e7,1.3924694e7,1.398578e7,1.4271363e7,1.356812e7,1.4046173e7,1.4171438e7,1.3808675e7,1.4191653e7,1.4246106e7,1.4243035e7,1.4378468e7,1.4080246e7,1.4083077e7,1.4081472e7,1.4012628e7,1.4190313e7,1.4049368e7,1.4276133e7,1.4145724e7,1.3893361e7,1.4326702e7,1.4006058e7,1.3972721e7,1.3963922e7,1.4481284e7,1.392831e7,1.4419886e7,1.4122757e7,1.3953034e7,1.4007515e7,1.4143099e7,1.4246106e7,1.4394589e7,1.419658e7,1.409608e7,1.4502413e7,1.4081392e7,1.4601808e7,1.4475962e7,1.3759232e7,1.4016065e7,1.4211337e7,1.3946752e7,1.4380613e7,1.4285913e7,1.4167895e7,1.3779338e7,1.4338754e7,1.4304986e7,1.4088387e7,1.4058876e7,1.4048224e7,1.437068e7,1.4380321e7,1.4041888e7,1.4244169e7,1.4283177e7,1.4229584e7,1.5028075e7,1.4906705e7,1.5229641e7,1.4997278e7,1.4946211e7,1.5076605e7,1.5169841e7,1.3588469e7,1.3353089e7,1.4447292e7,1.4349173e7,1.3780584e7,1.4124465e7,1.4204871e7,1.4237035e7,1.3924551e7,1.4165239e7,1.4095483e7,1.4272034e7,1.4111062e7,1.3591445e7,1.447699e7,1.4519075e7,1.4327581e7,1.4401103e7,1.4244413e7,1.4317242e7,1.390605e7,1.4866042e7,1.3849629e7,1.4322667e7,1.378036e7,1.4275034e7,1.4171321e7,1.4107868e7,1.6258111e7,1.3636314e7,1.4342026e7,1.4232692e7,1.4175664e7,1.4087984e7,1.4334327e7,1.4313606e7,1.3642616e7]}],["Trial",{"allocs":11,"gctimes":[0.0,0.0,0.0,0.0,0.0,0.0,0.0,0.0,0.0,0.0,0.0,0.0,0.0,0.0,0.0,0.0,0.0,0.0,0.0,0.0,0.0,0.0,0.0,0.0,0.0,0.0,0.0,0.0,0.0,0.0,0.0,0.0,0.0,0.0,0.0,0.0,0.0],"memory":2144,"params":["Parameters",{"gctrial":true,"time_tolerance":0.05,"evals_set":false,"samples":10000,"evals":1,"gcsample":false,"seconds":5.0,"overhead":0.0,"memory_tolerance":0.01}],"times":[1.36947854e8,1.35502319e8,1.36039931e8,1.34578336e8,1.37889258e8,1.34165865e8,1.34977314e8,1.35214289e8,1.34118273e8,1.41101359e8,1.36116645e8,1.37042771e8,1.34751143e8,1.34552088e8,1.43552372e8,1.36003472e8,1.33433539e8,1.33905631e8,1.32632258e8,1.33191408e8,1.34017903e8,1.33474806e8,1.41572303e8,1.35962856e8,1.34436242e8,1.40574123e8,1.35414275e8,1.35685898e8,1.375022e8,1.36586466e8,1.32158272e8,1.33871522e8,1.37638157e8,1.33775555e8,1.32292325e8,1.38681894e8,1.35479035e8]}],["Trial",{"allocs":11,"gctimes":[0.0,0.0,0.0,0.0],"memory":2144,"params":["Parameters",{"gctrial":true,"time_tolerance":0.05,"evals_set":false,"samples":10000,"evals":1,"gcsample":false,"seconds":5.0,"overhead":0.0,"memory_tolerance":0.01}],"times":[1.341854614e9,1.323044416e9,1.327819326e9,1.333604909e9]}]],"medians":[14.188218,135.414275,1330.7121175]}