{"lengs":[10.0,100.0,1000.0],"benchmarks":[["Trial",{"allocs":11,"gctimes":[0.0,0.0,0.0,0.0,0.0,0.0,0.0,0.0,0.0,0.0,0.0,0.0,0.0,0.0,0.0,0.0,0.0,0.0,0.0,0.0,0.0,0.0,0.0,0.0,0.0,0.0,0.0,0.0,0.0,0.0,0.0,0.0,0.0,0.0,0.0,0.0,0.0,0.0,0.0,0.0,0.0,0.0,0.0,0.0,0.0,0.0,0.0,0.0,0.0,0.0,0.0,0.0,0.0,0.0,0.0,0.0,0.0,0.0,0.0,0.0,0.0,0.0,0.0,0.0,0.0,0.0,0.0,0.0,0.0,0.0,0.0,0.0,0.0],"memory":3680,"params":["Parameters",{"gctrial":true,"time_tolerance":0.05,"evals_set":false,"samples":10000,"evals":1,"gcsample":false,"seconds":5.0,"overhead":0.0,"memory_tolerance":0.01}],"times":[7.1737762e7,9.0295318e7,6.6804659e7,6.8853826e7,6.6406123e7,6.6813869e7,6.6970031e7,6.686162e7,6.6610073e7,6.667596e7,6.6259202e7,6.6374557e7,6.6786365e7,6.700081e7,6.6529911e7,6.7630397e7,6.697464e7,6.680022e7,6.6891976e7,6.6197716e7,6.6517829e7,6.5871735e7,6.6566392e7,6.6334202e7,6.7601554e7,6.6237972e7,6.678604e7,6.6776834e7,6.6352464e7,6.6010436e7,6.6437287e7,6.5890136e7,6.6391911e7,6.9385014e7,6.6670091e7,6.6273574e7,6.6293899e7,6.6325403e7,6.7679735e7,6.645545e7,6.6381331e7,6.731433e7,6.6935726e7,6.5956854e7,6.618891e7,6.6952221e7,6.6318011e7,6.660808e7,6.6890899e7,6.6786629e7,6.6957345e7,6.5899538e7,6.6602745e7,6.6235247e7,6.6782342e7,6.6727136e7,6.6737982e7,6.6055902e7,6.6611662e7,6.6266083e7,6.6802584e7,6.71264e7,6.9383711e7,6.6852122e7,6.8707938e7,6.6529688e7,6.7482599e7,6.9876574e7,6.6287093e7,6.5939461e7,6.6662128e7,6.6627243e7,6.6046077e7]}],["Trial",{"allocs":11,"gctimes":[0.0,0.0,0.0,0.0,0.0,0.0,0.0,0.0],"memory":3680,"params":["Parameters",{"gctrial":true,"time_tolerance":0.05,"evals_set":false,"samples":10000,"evals":1,"gcsample":false,"seconds":5.0,"overhead":0.0,"memory_tolerance":0.01}],"times":[6.6705587e8,6.6645728e8,6.69998863e8,6.63081376e8,6.61098447e8,6.65956231e8,6.6605771e8,6.64684927e8]}],["Trial",{"allocs":11,"gctimes":[0.0],"memory":3680,"params":["Parameters",{"gctrial":true,"time_tolerance":0.05,"evals_set":false,"samples":10000,"evals":1,"gcsample":false,"seconds":5.0,"overhead":0.0,"memory_tolerance":0.01}],"times":[6.61214224e9]}]],"medians":[66.662128,666.0069705,6612.14224]}