{"lengs":[10.0,31.622776601683793,100.0,316.22776601683796,1000.0,3162.2776601683795,10000.0],"benchmarks":[["Trial",{"allocs":11,"gctimes":[0.0,0.0,0.0,0.0,0.0,0.0,0.0,0.0,0.0,0.0,0.0,0.0,0.0,0.0,0.0,0.0,0.0,0.0,0.0,0.0,0.0,0.0,0.0,0.0,0.0,0.0,0.0,0.0,0.0,0.0,0.0,0.0,0.0,0.0,0.0,0.0,0.0,0.0,0.0,0.0,0.0,0.0,0.0,0.0,0.0,0.0,0.0,0.0,0.0,0.0,0.0,0.0,0.0,0.0,0.0,0.0,0.0,0.0,0.0],"memory":3680,"params":["Parameters",{"gctrial":true,"time_tolerance":0.05,"evals_set":false,"samples":10000,"evals":1,"gcsample":false,"seconds":5.0,"overhead":0.0,"memory_tolerance":0.01}],"times":[8.9420974e7,8.5564973e7,8.3642759e7,8.3853743e7,8.4467014e7,8.431154e7,8.431123e7,8.4450657e7,8.453926e7,8.476666e7,8.3650551e7,8.4549939e7,8.4786014e7,8.476113e7,8.3962286e7,8.494321e7,8.4428495e7,8.4116202e7,8.3719823e7,8.4919374e7,8.4368356e7,8.3558594e7,8.4257122e7,8.3012808e7,8.548912e7,8.4632613e7,8.3881936e7,8.4159772e7,8.5694634e7,8.4430997e7,8.415702e7,8.447866e7,8.4687951e7,8.4350742e7,8.4603124e7,8.4528178e7,8.4386979e7,8.4201267e7,8.4590195e7,8.4183177e7,8.5370558e7,8.4309319e7,8.4084303e7,8.4292807e7,8.4522555e7,8.4268525e7,8.3527139e7,8.4765913e7,8.4504153e7,8.3456753e7,8.2969589e7,8.3600291e7,8.5674931e7,8.4952159e7,8.4992081e7,8.4898851e7,8.4851197e7,8.3915035e7,8.4228167e7]}],["Trial",{"allocs":11,"gctimes":[0.0,0.0,0.0,0.0,0.0,0.0,0.0,0.0,0.0,0.0,0.0,0.0,0.0,0.0,0.0,0.0,0.0,0.0,0.0,0.0,0.0],"memory":3680,"params":["Parameters",{"gctrial":true,"time_tolerance":0.05,"evals_set":false,"samples":10000,"evals":1,"gcsample":false,"seconds":5.0,"overhead":0.0,"memory_tolerance":0.01}],"times":[2.51907384e8,2.47815071e8,2.41752542e8,2.44959082e8,2.47457368e8,2.44674623e8,2.46220297e8,2.46721698e8,2.44965722e8,2.44765971e8,2.45788307e8,2.46501056e8,2.45244511e8,2.43652355e8,2.44482614e8,2.44867782e8,2.45272866e8,2.45866824e8,2.46254261e8,2.45853513e8,2.45591504e8]}],["Trial",{"allocs":11,"gctimes":[0.0,0.0,0.0,0.0,0.0,0.0,0.0],"memory":3680,"params":["Parameters",{"gctrial":true,"time_tolerance":0.05,"evals_set":false,"samples":10000,"evals":1,"gcsample":false,"seconds":5.0,"overhead":0.0,"memory_tolerance":0.01}],"times":[7.58822427e8,7.59192181e8,7.56335042e8,7.58434763e8,7.55796541e8,7.52426243e8,7.57538382e8]}],["Trial",{"allocs":11,"gctimes":[0.0,0.0,0.0],"memory":3680,"params":["Parameters",{"gctrial":true,"time_tolerance":0.05,"evals_set":false,"samples":10000,"evals":1,"gcsample":false,"seconds":5.0,"overhead":0.0,"memory_tolerance":0.01}],"times":[2.359360282e9,2.373093722e9,2.378644766e9]}],["Trial",{"allocs":11,"gctimes":[0.0],"memory":3680,"params":["Parameters",{"gctrial":true,"time_tolerance":0.05,"evals_set":false,"samples":10000,"evals":1,"gcsample":false,"seconds":5.0,"overhead":0.0,"memory_tolerance":0.01}],"times":[7.510029154e9]}],["Trial",{"allocs":11,"gctimes":[0.0],"memory":3680,"params":["Parameters",{"gctrial":true,"time_tolerance":0.05,"evals_set":false,"samples":10000,"evals":1,"gcsample":false,"seconds":5.0,"overhead":0.0,"memory_tolerance":0.01}],"times":[2.3459011399e10]}],["Trial",{"allocs":11,"gctimes":[0.0],"memory":3680,"params":["Parameters",{"gctrial":true,"time_tolerance":0.05,"evals_set":false,"samples":10000,"evals":1,"gcsample":false,"seconds":5.0,"overhead":0.0,"memory_tolerance":0.01}],"times":[7.4703035751e10]}]],"medians":[84.428495,245.591504,757.538382,2373.093722,7510.029154,23459.011399,74703.035751]}