{"lengs":[10.0,100.0,1000.0],"benchmarks":[["Trial",{"allocs":11,"gctimes":[0.0,0.0,0.0,0.0,0.0,0.0,0.0,0.0,0.0,0.0,0.0,0.0,0.0,0.0,0.0],"memory":8528,"params":["Parameters",{"gctrial":true,"time_tolerance":0.05,"evals_set":false,"samples":10000,"evals":1,"gcsample":false,"seconds":5.0,"overhead":0.0,"memory_tolerance":0.01}],"times":[3.24124678e8,3.68504601e8,3.25224111e8,3.25382327e8,3.22901349e8,3.27864165e8,3.26915809e8,3.26878003e8,3.29133555e8,3.25446027e8,3.25863728e8,3.25694622e8,3.24618982e8,3.26957716e8,3.26251976e8]}],["Trial",{"allocs":11,"gctimes":[0.0,0.0],"memory":8528,"params":["Parameters",{"gctrial":true,"time_tolerance":0.05,"evals_set":false,"samples":10000,"evals":1,"gcsample":false,"seconds":5.0,"overhead":0.0,"memory_tolerance":0.01}],"times":[3.300746181e9,3.266518133e9]}],["Trial",{"allocs":11,"gctimes":[0.0],"memory":8528,"params":["Parameters",{"gctrial":true,"time_tolerance":0.05,"evals_set":false,"samples":10000,"evals":1,"gcsample":false,"seconds":5.0,"overhead":0.0,"memory_tolerance":0.01}],"times":[3.2774527239e10]}]],"medians":[325.863728,3283.632157,32774.527239]}