{"lengs":[10.0,100.0,1000.0],"benchmarks":[["Trial",{"allocs":11,"gctimes":[0.0,0.0,0.0,0.0,0.0,0.0,0.0,0.0,0.0,0.0,0.0,0.0,0.0,0.0,0.0,0.0,0.0,0.0,0.0,0.0,0.0,0.0,0.0,0.0,0.0,0.0,0.0,0.0,0.0,0.0,0.0,0.0,0.0,0.0,0.0,0.0,0.0,0.0,0.0,0.0,0.0,0.0,0.0,0.0,0.0,0.0,0.0,0.0,0.0,0.0,0.0,0.0,0.0,0.0,0.0,0.0,0.0,0.0,0.0,0.0,0.0,0.0,0.0,0.0,0.0,0.0,0.0,0.0,0.0,0.0,0.0,0.0,0.0,0.0,0.0,0.0,0.0,0.0,0.0,0.0,0.0,0.0,0.0,0.0,0.0,0.0,0.0,0.0,0.0,0.0,0.0,0.0,0.0,0.0,0.0,0.0,0.0,0.0,0.0,0.0,0.0,0.0,0.0,0.0,0.0,0.0,0.0,0.0,0.0,0.0,0.0,0.0,0.0,0.0,0.0,0.0,0.0,0.0,0.0,0.0,0.0,0.0,0.0,0.0,0.0,0.0,0.0,0.0,0.0,0.0,0.0,0.0,0.0,0.0,0.0,0.0,0.0,0.0,0.0,0.0,0.0,0.0,0.0,0.0,0.0,0.0,0.0,0.0,0.0,0.0,0.0,0.0,0.0,0.0,0.0,0.0,0.0,0.0,0.0,0.0,0.0,0.0,0.0,0.0,0.0,0.0,0.0,0.0,0.0,0.0,0.0,0.0,0.0,0.0,0.0,0.0,0.0,0.0,0.0,0.0,0.0,0.0,0.0,0.0,0.0,0.0,0.0,0.0,0.0,0.0,0.0,0.0,0.0,0.0,0.0,0.0,0.0,0.0,0.0,0.0,0.0,0.0,0.0,0.0,0.0,0.0,0.0,0.0,0.0,0.0,0.0,0.0,0.0,0.0,0.0,0.0,0.0,0.0,0.0,0.0,0.0,0.0,0.0,0.0,0.0,0.0,0.0,0.0,0.0,0.0,0.0,0.0,0.0,0.0,0.0,0.0,0.0,0.0,0.0,0.0,0.0,0.0,0.0,0.0,0.0,0.0,0.0,0.0,0.0,0.0,0.0,0.0,0.0,0.0,0.0,0.0,0.0,0.0,0.0,0.0,0.0,0.0,0.0,0.0,0.0,0.0,0.0,0.0,0.0,0.0,0.0,0.0,0.0,0.0,0.0,0.0,0.0,0.0,0.0,0.0,0.0,0.0,0.0,0.0,0.0,0.0,0.0,0.0,0.0,0.0,0.0,0.0,0.0,0.0,0.0,0.0,0.0,0.0,0.0,0.0,0.0,0.0,0.0,0.0,0.0,0.0,0.0,0.0,0.0,0.0,0.0,0.0,0.0,0.0,0.0,0.0,0.0,0.0,0.0,0.0,0.0,0.0,0.0,0.0,0.0,0.0,0.0,0.0,0.0,0.0,0.0,0.0,0.0,0.0,0.0,0.0,0.0,0.0,0.0,0.0,0.0,0.0,0.0,0.0,0.0,0.0,0.0,0.0,0.0,0.0,0.0,0.0,0.0,0.0,0.0,0.0,0.0,0.0,0.0,0.0,0.0,0.0,0.0,0.0,0.0,0.0,0.0,0.0,0.0,0.0,0.0,0.0,0.0,0.0,0.0,0.0,0.0,0.0,0.0,0.0,0.0,0.0,0.0,0.0,0.0,0.0,0.0,0.0,0.0,0.0,0.0,0.0,0.0,0.0,0.0,0.0,0.0,0.0,0.0,0.0,0.0,0.0,0.0,0.0,0.0,0.0,0.0,0.0,0.0,0.0,0.0,0.0,0.0,0.0,0.0,0.0,0.0,0.0,0.0,0.0,0.0,0.0,0.0,0.0,0.0,0.0,0.0,0.0,0.0,0.0,0.0,0.0,0.0,0.0,0.0,0.0,0.0,0.0,0.0,0.0,0.0,0.0,0.0,0.0,0.0,0.0,0.0,0.0,0.0,0.0,0.0,0.0,0.0,0.0,0.0,0.0,0.0,0.0,0.0,0.0,0.0,0.0,0.0,0.0,0.0,0.0,0.0,0.0,0.0,0.0,0.0,0.0,0.0,0.0,0.0,0.0,0.0,0.0,0.0,0.0,0.0,0.0,0.0,0.0,0.0,0.0,0.0,0.0,0.0,0.0,0.0,0.0,0.0,0.0,0.0,0.0,0.0,0.0,0.0,0.0,0.0,0.0,0.0,0.0,0.0,0.0,0.0,0.0,0.0,0.0,0.0,0.0,0.0,0.0,0.0,0.0,0.0,0.0,0.0,0.0,0.0,0.0,0.0,0.0,0.0,0.0,0.0,0.0,0.0,0.0,0.0,0.0,0.0,0.0],"memory":2144,"params":["Parameters",{"gctrial":true,"time_tolerance":0.05,"evals_set":false,"samples":10000,"evals":1,"gcsample":false,"seconds":5.0,"overhead":0.0,"memory_tolerance":0.01}],"times":[1.19222e7,9.311796e6,9.310177e6,9.326635e6,9.277099e6,9.218036e6,9.314e6,9.23967e6,9.368666e6,9.338083e6,9.3783e6,9.351516e6,9.458591e6,9.350763e6,9.249543e6,9.130502e6,9.200098e6,9.457475e6,9.331129e6,9.412073e6,9.242084e6,9.350241e6,9.316803e6,9.158588e6,9.227184e6,9.46836e6,9.177938e6,9.263976e6,9.273382e6,9.248724e6,9.225073e6,9.466937e6,9.3719e6,9.333681e6,9.295304e6,9.448113e6,9.299541e6,1.1396174e7,9.64632e6,9.202033e6,9.095116e6,9.444059e6,9.411849e6,9.312802e6,9.283902e6,9.373429e6,9.111196e6,9.258849e6,9.358401e6,9.333119e6,9.248592e6,9.374992e6,9.422255e6,9.277139e6,9.385986e6,9.205165e6,9.387213e6,9.434215e6,9.27754e6,9.314898e6,9.298169e6,9.300409e6,9.397054e6,9.420487e6,9.243806e6,9.381609e6,9.372307e6,9.215968e6,9.349649e6,9.306164e6,9.333505e6,9.257519e6,9.206828e6,9.149548e6,9.280501e6,9.284005e6,9.277526e6,9.318342e6,9.303587e6,9.217439e6,9.265252e6,9.292255e6,9.413499e6,9.231983e6,9.312055e6,9.253956e6,9.223618e6,9.350008e6,9.404795e6,9.422845e6,9.249062e6,9.397003e6,9.222923e6,9.170719e6,9.312517e6,9.229491e6,9.325684e6,9.184053e6,9.364199e6,9.303233e6,9.300839e6,9.366435e6,9.353478e6,9.409433e6,9.230607e6,9.360817e6,9.349151e6,9.328751e6,9.219134e6,9.313418e6,9.291587e6,9.154494e6,9.277516e6,9.328075e6,9.464638e6,9.458565e6,9.380452e6,9.253336e6,9.243666e6,9.418407e6,9.274581e6,9.319133e6,9.198205e6,9.35888e6,9.36233e6,9.404636e6,9.181648e6,9.372267e6,9.241235e6,9.179353e6,9.213109e6,9.408514e6,9.264491e6,9.354373e6,9.615554e6,9.355367e6,9.300417e6,9.290468e6,9.321485e6,9.365503e6,9.36477e6,9.282371e6,9.135348e6,9.24564e6,9.186787e6,9.320159e6,9.384239e6,9.27374e6,9.410113e6,9.301194e6,9.267094e6,9.352115e6,9.268893e6,9.365055e6,9.400877e6,9.491252e6,9.1782e6,9.400923e6,9.194069e6,9.360092e6,9.336764e6,9.306366e6,9.39265e6,9.230184e6,9.249262e6,9.208976e6,9.455824e6,9.380246e6,9.36678e6,9.437366e6,9.319822e6,9.204856e6,9.381746e6,9.382334e6,9.321385e6,1.096272e7,9.498564e6,9.560586e6,9.410673e6,9.479007e6,9.466253e6,9.49707e6,9.250908e6,9.285968e6,9.250655e6,9.347442e6,9.234004e6,9.276362e6,9.363717e6,9.222094e6,9.307109e6,9.374557e6,9.300498e6,9.116436e6,9.293879e6,9.360018e6,9.410558e6,9.358997e6,9.185925e6,9.525078e6,9.152667e6,9.512911e6,9.388128e6,9.253398e6,9.406376e6,9.408621e6,9.170501e6,9.332901e6,9.370883e6,9.279038e6,9.349976e6,9.492343e6,9.501811e6,9.404421e6,9.148233e6,9.215281e6,9.375457e6,9.251043e6,9.459405e6,9.295181e6,9.257754e6,9.39441e6,9.400467e6,9.260607e6,9.267547e6,9.307283e6,9.364725e6,9.381733e6,9.320005e6,9.221468e6,9.326108e6,9.377745e6,9.332984e6,9.369805e6,9.406201e6,9.398877e6,9.455888e6,9.299153e6,9.299034e6,9.278237e6,9.341382e6,9.223368e6,9.244154e6,9.27575e6,9.247373e6,9.284863e6,9.233727e6,9.419266e6,9.560859e6,9.360782e6,9.308233e6,9.447882e6,9.367267e6,9.209096e6,9.251132e6,9.30286e6,9.374744e6,9.404227e6,9.195402e6,9.421877e6,9.464739e6,9.345543e6,9.173902e6,9.413977e6,9.267485e6,9.407686e6,9.37459e6,9.365352e6,9.402707e6,9.259345e6,9.211247e6,9.328596e6,9.232089e6,9.25919e6,9.274606e6,9.273559e6,9.334981e6,9.415881e6,9.310738e6,9.202843e6,9.25808e6,9.403775e6,9.267628e6,9.199693e6,9.239785e6,9.272039e6,9.310002e6,9.199007e6,9.384372e6,9.536699e6,9.378979e6,9.186164e6,9.226486e6,9.262327e6,9.496032e6,9.246123e6,9.218667e6,9.389765e6,9.340327e6,9.314463e6,9.253418e6,9.22387e6,9.194299e6,9.252595e6,9.251065e6,9.330515e6,9.125887e6,9.443326e6,9.269494e6,9.424177e6,9.383163e6,9.332492e6,9.215601e6,9.384467e6,9.461776e6,9.264698e6,9.279451e6,9.345512e6,9.40737e6,9.450959e6,9.439928e6,9.357196e6,9.263932e6,9.306698e6,9.344057e6,9.388554e6,9.253436e6,9.210278e6,9.374046e6,9.355776e6,9.236968e6,9.373918e6,9.336144e6,9.245922e6,9.381549e6,9.353967e6,9.237821e6,9.252752e6,9.321783e6,9.22698e6,9.283608e6,9.376218e6,9.400556e6,9.337921e6,9.201488e6,9.367651e6,9.239432e6,9.204764e6,9.396778e6,9.296406e6,9.414662e6,9.28211e6,9.298364e6,9.259516e6,9.430153e6,9.389314e6,9.396173e6,9.24838e6,9.281164e6,9.362727e6,9.185894e6,9.258225e6,9.31113e6,9.359889e6,9.310428e6,9.039216e6,9.302207e6,9.319007e6,9.267082e6,9.30322e6,9.260534e6,9.202926e6,9.180941e6,9.99346e6,9.326565e6,9.387799e6,9.364256e6,9.395746e6,9.380071e6,9.418844e6,9.42544e6,9.306464e6,9.265628e6,9.319024e6,9.229868e6,9.167024e6,9.519455e6,9.321304e6,9.231586e6,9.193358e6,9.459458e6,9.166443e6,9.272185e6,9.420578e6,9.3914e6,9.241387e6,9.522952e6,9.222144e6,9.327049e6,1.113042e7,9.285943e6,9.421743e6,9.248836e6,9.422121e6,9.393132e6,9.27843e6,9.28288e6,9.288643e6,9.308788e6,9.424783e6,9.513323e6,9.503058e6,9.502828e6,9.336747e6,9.344208e6,9.325099e6,9.346442e6,9.498348e6,9.363729e6,9.570588e6,9.443309e6,9.296094e6,9.368051e6,9.230041e6,9.304652e6,9.393553e6,9.288871e6,9.21756e6,9.479525e6,9.325969e6,9.398326e6,9.278589e6,9.169163e6,9.392052e6,9.52412e6,9.410449e6,9.455256e6,9.450988e6,9.406884e6,9.428725e6,9.472925e6,9.21396e6,9.380009e6,9.30202e6,9.341665e6,9.42899e6,9.4853e6,9.198807e6,9.344795e6,9.272983e6,9.367272e6,9.426051e6,9.487576e6,9.406587e6,9.269264e6,9.263063e6,9.402749e6,9.453751e6,9.421598e6,9.331175e6,9.223398e6,9.298069e6,9.275037e6,9.307186e6,9.245184e6,9.166475e6,9.362825e6,9.341598e6,9.489207e6,9.553474e6,9.494173e6,9.450798e6,9.302834e6,9.401298e6,9.251207e6,9.604162e6,9.464023e6,9.290783e6,9.42807e6,9.290184e6,9.341536e6,9.310768e6,9.263158e6,9.248909e6,9.348812e6,9.392741e6,9.518472e6,9.275613e6,9.335888e6,9.377812e6,9.460931e6,9.242939e6,9.245842e6,9.234563e6,9.323906e6,9.29746e6,9.301387e6,9.161178e6,9.273306e6,9.394685e6,9.297071e6,9.425846e6,9.378395e6,9.494421e6,9.667994e6,9.459003e6,9.435756e6,9.532298e6,9.59389e6,9.44686e6,9.362265e6,9.194972e6,