{"lengs":[10.0,100.0,1000.0],"benchmarks":[["Trial",{"allocs":11,"gctimes":[0.0,0.0,0.0,0.0,0.0,0.0,0.0,0.0,0.0,0.0,0.0,0.0,0.0,0.0,0.0,0.0,0.0,0.0,0.0,0.0,0.0,0.0,0.0,0.0,0.0,0.0,0.0,0.0,0.0,0.0,0.0,0.0,0.0,0.0,0.0,0.0,0.0,0.0,0.0,0.0,0.0,0.0,0.0,0.0,0.0,0.0,0.0,0.0,0.0,0.0,0.0,0.0,0.0,0.0,0.0,0.0,0.0,0.0,0.0,0.0,0.0,0.0,0.0,0.0,0.0,0.0,0.0,0.0,0.0,0.0,0.0,0.0,0.0,0.0,0.0,0.0,0.0,0.0,0.0,0.0,0.0,0.0,0.0,0.0,0.0,0.0,0.0,0.0,0.0,0.0,0.0,0.0,0.0,0.0,0.0,0.0,0.0,0.0,0.0,0.0,0.0,0.0,0.0,0.0,0.0,0.0,0.0,0.0,0.0,0.0,0.0,0.0,0.0,0.0,0.0,0.0,0.0,0.0,0.0,0.0,0.0,0.0,0.0,0.0,0.0,0.0,0.0,0.0],"memory":2144,"params":["Parameters",{"gctrial":true,"time_tolerance":0.05,"evals_set":false,"samples":10000,"evals":1,"gcsample":false,"seconds":5.0,"overhead":0.0,"memory_tolerance":0.01}],"times":[3.887981e7,3.9696761e7,3.8836536e7,3.862852e7,3.8887401e7,3.8497271e7,3.8877179e7,3.8916542e7,3.8721523e7,3.922619e7,3.8385064e7,3.901626e7,3.8913892e7,3.8883956e7,3.8797093e7,3.8930102e7,3.910353e7,3.902755e7,3.9141334e7,3.8921294e7,3.8604595e7,3.9012685e7,3.9663817e7,3.8818266e7,4.1092514e7,3.8904158e7,3.847413e7,3.8639743e7,3.8649891e7,3.904585e7,3.897881e7,3.8724012e7,3.8586714e7,3.8941714e7,3.884135e7,3.8904216e7,3.9179237e7,3.8858957e7,3.8845604e7,3.8841394e7,3.9854235e7,3.8826065e7,3.8610567e7,3.8980311e7,3.8742173e7,3.9047131e7,3.8879954e7,3.8895707e7,3.883473e7,3.8700282e7,3.88733e7,3.8814782e7,3.8528959e7,3.9154413e7,3.8681504e7,3.908862e7,3.8757205e7,3.9109059e7,3.8547062e7,3.8593626e7,3.9152481e7,3.8984354e7,4.0143178e7,3.8910007e7,3.8914154e7,3.8659641e7,3.8586624e7,3.9147485e7,3.8435942e7,3.9189065e7,3.9031662e7,3.9232285e7,3.9312124e7,3.9200598e7,3.850129e7,3.8896564e7,3.8799192e7,3.8670678e7,3.8537043e7,3.8966845e7,3.9041374e7,3.8626117e7,3.9044121e7,3.8976629e7,3.8672786e7,3.8998935e7,3.872939e7,3.8466668e7,3.920402e7,3.8999665e7,3.8856059e7,3.8678945e7,3.9007019e7,3.8975988e7,3.894692e7,3.919717e7,3.8516927e7,3.8859893e7,3.8566178e7,3.8810505e7,3.9009032e7,3.8595339e7,3.9054449e7,3.8891703e7,3.878153e7,3.959988e7,3.9452446e7,3.9601657e7,3.9532415e7,3.906716e7,3.9121205e7,3.8989797e7,3.8608826e7,3.9090688e7,3.8960888e7,3.9014977e7,3.9304936e7,3.9270926e7,3.8979171e7,3.8760412e7,4.1524845e7,3.9071822e7,3.9150496e7,3.8640424e7,3.8913391e7,3.9032174e7,3.8836864e7,3.9967204e7]}],["Trial",{"allocs":11,"gctimes":[0.0,0.0,0.0,0.0,0.0,0.0,0.0,0.0,0.0,0.0,0.0,0.0,0.0,0.0],"memory":2144,"params":["Parameters",{"gctrial":true,"time_tolerance":0.05,"evals_set":false,"samples":10000,"evals":1,"gcsample":false,"seconds":5.0,"overhead":0.0,"memory_tolerance":0.01}],"times":[3.84814625e8,3.80420739e8,3.84019379e8,3.76679213e8,3.79139013e8,3.80032576e8,3.81100146e8,3.77112592e8,3.82426231e8,3.81854651e8,3.79998711e8,3.76719427e8,3.769918e8,3.81075282e8]}],["Trial",{"allocs":11,"gctimes":[0.0,0.0],"memory":2144,"params":["Parameters",{"gctrial":true,"time_tolerance":0.05,"evals_set":false,"samples":10000,"evals":1,"gcsample":false,"seconds":5.0,"overhead":0.0,"memory_tolerance":0.01}],"times":[3.789391464e9,3.812178137e9]}]],"medians":[38.9136415,380.2266575,3800.7848005]}