{"lengs":[10.0,100.0,1000.0],"benchmarks":[["Trial",{"allocs":11,"gctimes":[0.0,0.0,0.0,0.0,0.0,0.0,0.0,0.0,0.0,0.0,0.0,0.0,0.0,0.0,0.0,0.0,0.0,0.0,0.0,0.0,0.0,0.0,0.0,0.0,0.0,0.0,0.0,0.0,0.0,0.0,0.0,0.0,0.0,0.0,0.0,0.0,0.0,0.0,0.0,0.0,0.0,0.0,0.0,0.0,0.0,0.0,0.0,0.0,0.0,0.0,0.0,0.0,0.0,0.0,0.0,0.0,0.0,0.0,0.0,0.0,0.0,0.0,0.0],"memory":3680,"params":["Parameters",{"gctrial":true,"time_tolerance":0.05,"evals_set":false,"samples":10000,"evals":1,"gcsample":false,"seconds":5.0,"overhead":0.0,"memory_tolerance":0.01}],"times":[7.823991e7,9.1977471e7,7.7552658e7,7.7260383e7,8.1062925e7,7.8812479e7,7.9092863e7,7.7409493e7,7.9141787e7,7.8244732e7,7.8318272e7,8.2677471e7,8.006162e7,7.9689415e7,7.8609069e7,7.8668005e7,8.18305e7,7.9349982e7,7.9793331e7,7.813327e7,7.8968482e7,7.7532278e7,7.7201158e7,7.9199341e7,7.9361178e7,7.9126035e7,7.9105589e7,7.9057988e7,8.0586842e7,7.9451209e7,7.9389405e7,7.8473142e7,7.9152359e7,7.8366795e7,7.8420543e7,7.7925656e7,7.7775737e7,7.8912323e7,7.9243385e7,7.980928e7,7.8973735e7,7.8798763e7,7.7948879e7,7.7553472e7,8.0113241e7,7.8728693e7,7.7829887e7,7.9405795e7,7.8209155e7,7.9994821e7,7.960544e7,7.9761229e7,7.897279e7,7.8639192e7,7.9640056e7,7.8034752e7,8.0336173e7,7.9931279e7,7.9752602e7,7.960735e7,7.9089834e7,7.8530408e7,7.9077122e7]}],["Trial",{"allocs":11,"gctimes":[0.0,0.0,0.0,0.0,0.0,0.0,0.0],"memory":3680,"params":["Parameters",{"gctrial":true,"time_tolerance":0.05,"evals_set":false,"samples":10000,"evals":1,"gcsample":false,"seconds":5.0,"overhead":0.0,"memory_tolerance":0.01}],"times":[8.02250236e8,8.08348601e8,8.18684766e8,8.02269052e8,7.91198872e8,8.05492862e8,7.99153791e8]}],["Trial",{"allocs":11,"gctimes":[0.0],"memory":3680,"params":["Parameters",{"gctrial":true,"time_tolerance":0.05,"evals_set":false,"samples":10000,"evals":1,"gcsample":false,"seconds":5.0,"overhead":0.0,"memory_tolerance":0.01}],"times":[8.063791897e9]}]],"medians":[79.077122,802.269052,8063.791897]}