{"lengs":[10.0,31.622776601683793,100.0,316.22776601683796,1000.0,3162.2776601683795,10000.0],"benchmarks":[["Trial",{"allocs":11,"gctimes":[0.0,0.0,0.0,0.0,0.0,0.0,0.0,0.0,0.0,0.0,0.0,0.0,0.0,0.0,0.0,0.0,0.0,0.0,0.0,0.0,0.0,0.0,0.0,0.0,0.0,0.0,0.0,0.0,0.0,0.0,0.0,0.0,0.0,0.0,0.0,0.0,0.0,0.0,0.0,0.0,0.0,0.0,0.0,0.0,0.0,0.0,0.0,0.0,0.0,0.0,0.0,0.0,0.0,0.0,0.0,0.0,0.0,0.0,0.0],"memory":3680,"params":["Parameters",{"gctrial":true,"time_tolerance":0.05,"evals_set":false,"samples":10000,"evals":1,"gcsample":false,"seconds":5.0,"overhead":0.0,"memory_tolerance":0.01}],"times":[8.5058664e7,8.6068158e7,8.5502561e7,8.5467544e7,8.4580677e7,8.5018452e7,8.532027e7,8.5171346e7,8.5305165e7,8.4919128e7,8.4683141e7,8.3966838e7,8.5219873e7,8.7972161e7,8.5215337e7,8.4486639e7,8.4877198e7,8.5643973e7,8.5019994e7,8.4701082e7,8.5537899e7,8.5654488e7,8.4286052e7,8.5044095e7,8.5251183e7,8.4664104e7,8.5310097e7,8.5056554e7,8.5293117e7,8.5539735e7,8.5905907e7,8.4736465e7,8.4673487e7,8.5629457e7,8.5130263e7,8.5207243e7,8.5185299e7,8.4369171e7,8.4647221e7,8.4462244e7,8.3919912e7,8.3881751e7,8.4721326e7,8.5089636e7,8.4920168e7,8.5100982e7,8.4993779e7,8.4769412e7,8.5696823e7,8.5458027e7,8.6227119e7,8.53324e7,8.5532435e7,8.5388832e7,8.4951919e7,8.5332793e7,8.454125e7,8.5168272e7,8.56681e7]}],["Trial",{"allocs":11,"gctimes":[0.0,0.0,0.0,0.0,0.0,0.0,0.0,0.0,0.0,0.0,0.0,0.0,0.0,0.0,0.0,0.0,0.0,0.0,0.0,0.0],"memory":3680,"params":["Parameters",{"gctrial":true,"time_tolerance":0.05,"evals_set":false,"samples":10000,"evals":1,"gcsample":false,"seconds":5.0,"overhead":0.0,"memory_tolerance":0.01}],"times":[2.5301606e8,2.51433062e8,2.54478877e8,2.51794255e8,2.51549444e8,2.49841302e8,2.54679268e8,2.52626607e8,2.53426654e8,2.51469808e8,2.57320649e8,2.53424501e8,2.51262217e8,2.50242368e8,2.51942297e8,2.52729584e8,2.51732369e8,2.53359488e8,2.51740499e8,2.53191383e8]}],["Trial",{"allocs":11,"gctimes":[0.0,0.0,0.0,0.0,0.0,0.0,0.0],"memory":3680,"params":["Parameters",{"gctrial":true,"time_tolerance":0.05,"evals_set":false,"samples":10000,"evals":1,"gcsample":false,"seconds":5.0,"overhead":0.0,"memory_tolerance":0.01}],"times":[7.8280071e8,7.72111023e8,7.7846104e8,7.75377022e8,7.76559056e8,7.76493597e8,7.7831314e8]}],["Trial",{"allocs":11,"gctimes":[0.0,0.0,0.0],"memory":3680,"params":["Parameters",{"gctrial":true,"time_tolerance":0.05,"evals_set":false,"samples":10000,"evals":1,"gcsample":false,"seconds":5.0,"overhead":0.0,"memory_tolerance":0.01}],"times":[2.43475828e9,2.427828548e9,2.43442432e9]}],["Trial",{"allocs":11,"gctimes":[0.0],"memory":3680,"params":["Parameters",{"gctrial":true,"time_tolerance":0.05,"evals_set":false,"samples":10000,"evals":1,"gcsample":false,"seconds":5.0,"overhead":0.0,"memory_tolerance":0.01}],"times":[7.578095566e9]}],["Trial",{"allocs":11,"gctimes":[0.0],"memory":3680,"params":["Parameters",{"gctrial":true,"time_tolerance":0.05,"evals_set":false,"samples":10000,"evals":1,"gcsample":false,"seconds":5.0,"overhead":0.0,"memory_tolerance":0.01}],"times":[2.4186656048e10]}],["Trial",{"allocs":11,"gctimes":[0.0],"memory":3680,"params":["Parameters",{"gctrial":true,"time_tolerance":0.05,"evals_set":false,"samples":10000,"evals":1,"gcsample":false,"seconds":5.0,"overhead":0.0,"memory_tolerance":0.01}],"times":[7.6540313478e10]}]],"medians":[85.130263,252.284452,776.559056,2434.42432,7578.095566,24186.656048,76540.313478]}