{"lengs":[10.0,100.0,1000.0],"benchmarks":[["Trial",{"allocs":11,"gctimes":[0.0,0.0,0.0,0.0,0.0,0.0,0.0,0.0,0.0,0.0,0.0,0.0,0.0,0.0,0.0,0.0,0.0,0.0,0.0,0.0,0.0,0.0,0.0,0.0],"memory":3680,"params":["Parameters",{"gctrial":true,"time_tolerance":0.05,"evals_set":false,"samples":10000,"evals":1,"gcsample":false,"seconds":5.0,"overhead":0.0,"memory_tolerance":0.01}],"times":[2.12931317e8,2.16559893e8,2.12758973e8,2.14143809e8,2.12646615e8,2.1573196e8,2.12945376e8,2.13689569e8,2.22263788e8,2.12723576e8,2.13789273e8,2.13969717e8,2.12506827e8,2.11338906e8,2.12280011e8,2.13382174e8,2.14896225e8,2.12776141e8,2.13621123e8,2.12211413e8,2.11698543e8,2.11952623e8,2.12310689e8,2.11494588e8]}],["Trial",{"allocs":11,"gctimes":[0.0,0.0,0.0],"memory":3680,"params":["Parameters",{"gctrial":true,"time_tolerance":0.05,"evals_set":false,"samples":10000,"evals":1,"gcsample":false,"seconds":5.0,"overhead":0.0,"memory_tolerance":0.01}],"times":[2.015240215e9,2.013169938e9,2.016605146e9]}],["Trial",{"allocs":11,"gctimes":[0.0],"memory":3680,"params":["Parameters",{"gctrial":true,"time_tolerance":0.05,"evals_set":false,"samples":10000,"evals":1,"gcsample":false,"seconds":5.0,"overhead":0.0,"memory_tolerance":0.01}],"times":[2.0053114404e10]}]],"medians":[212.853729,2015.240215,20053.114404]}