{"lengs":[10.0,31.622776601683793,100.0,316.22776601683796,1000.0,3162.2776601683795,10000.0],"benchmarks":[["Trial",{"allocs":11,"gctimes":[0.0,0.0,0.0,0.0,0.0,0.0,0.0,0.0,0.0,0.0,0.0,0.0,0.0,0.0,0.0,0.0,0.0,0.0,0.0,0.0,0.0,0.0,0.0,0.0,0.0,0.0,0.0,0.0,0.0,0.0,0.0,0.0,0.0,0.0,0.0,0.0,0.0,0.0,0.0,0.0,0.0,0.0,0.0,0.0,0.0,0.0,0.0,0.0,0.0,0.0,0.0,0.0,0.0,0.0,0.0,0.0,0.0,0.0,0.0,0.0,0.0,0.0,0.0,0.0,0.0,0.0,0.0,0.0,0.0,0.0,0.0,0.0,0.0,0.0,0.0,0.0,0.0,0.0,0.0,0.0,0.0,0.0,0.0,0.0,0.0,0.0,0.0,0.0,0.0,0.0,0.0,0.0,0.0,0.0,0.0,0.0,0.0,0.0,0.0,0.0,0.0,0.0,0.0,0.0,0.0,0.0,0.0,0.0,0.0,0.0,0.0,0.0,0.0,0.0],"memory":3680,"params":["Parameters",{"gctrial":true,"time_tolerance":0.05,"evals_set":false,"samples":10000,"evals":1,"gcsample":false,"seconds":5.0,"overhead":0.0,"memory_tolerance":0.01}],"times":[4.3521034e7,4.475925e7,4.3247637e7,4.3442204e7,4.3659842e7,4.3494967e7,4.330153e7,4.3857078e7,4.3612907e7,4.334728e7,4.3395981e7,4.3021406e7,4.3706115e7,4.3148869e7,4.3241846e7,4.3563263e7,4.3614351e7,4.3536997e7,4.5552893e7,4.3564054e7,4.3502659e7,4.3571415e7,4.3429986e7,4.7370309e7,4.3943131e7,4.4429391e7,4.3459121e7,4.3697496e7,4.3906158e7,4.3719176e7,4.3318683e7,4.3841392e7,4.34647e7,4.3788807e7,4.3521824e7,4.3073682e7,4.3540771e7,4.3792998e7,4.3384912e7,4.3470544e7,4.3524396e7,4.3476982e7,4.4756931e7,4.3962235e7,4.3515178e7,4.3461475e7,4.37384e7,4.3514513e7,4.3688053e7,4.3725336e7,4.5286063e7,4.3485654e7,4.3598586e7,4.3475326e7,4.3696852e7,4.3357866e7,4.3068837e7,4.3445777e7,4.3084158e7,4.3341365e7,4.3623126e7,4.3358968e7,4.3216388e7,4.4032806e7,4.3815733e7,4.3772469e7,4.3812378e7,4.364148e7,4.3979763e7,4.3692439e7,4.3483853e7,4.3353868e7,4.3600237e7,4.4900875e7,4.3442492e7,4.4279674e7,4.3569678e7,4.3405842e7,4.3516404e7,4.3476903e7,4.4053361e7,4.3592279e7,4.3464887e7,4.3640795e7,4.387798e7,4.3013297e7,4.3482083e7,4.3317948e7,4.37487e7,4.3670611e7,4.3244207e7,4.3345581e7,4.3668105e7,4.3794942e7,4.3305051e7,4.3863741e7,4.3432571e7,4.3217177e7,4.3449323e7,4.3635628e7,4.388114e7,4.335706e7,4.31018e7,4.3389285e7,4.3312155e7,4.332606e7,4.339486e7,4.3944124e7,4.4877249e7,4.3663086e7,4.4003443e7,4.4314871e7,4.3327219e7,4.3474422e7]}],["Trial",{"allocs":11,"gctimes":[0.0,0.0,0.0,0.0,0.0,0.0,0.0,0.0,0.0,0.0,0.0,0.0,0.0,0.0,0.0,0.0,0.0,0.0,0.0,0.0,0.0,0.0,0.0,0.0,0.0,0.0,0.0,0.0,0.0,0.0,0.0,0.0,0.0,0.0,0.0,0.0,0.0,0.0,0.0,0.0],"memory":3680,"params":["Parameters",{"gctrial":true,"time_tolerance":0.05,"evals_set":false,"samples":10000,"evals":1,"gcsample":false,"seconds":5.0,"overhead":0.0,"memory_tolerance":0.01}],"times":[1.27530167e8,1.26681129e8,1.24395233e8,1.2474906e8,1.24746414e8,1.25315978e8,1.24947342e8,1.25324677e8,1.25930142e8,1.27930549e8,1.25702766e8,1.24578436e8,1.2631646e8,1.24458034e8,1.24341467e8,1.24542088e8,1.29098291e8,1.2579132e8,1.25109006e8,1.25669967e8,1.25790953e8,1.25216384e8,1.25243537e8,1.25435816e8,1.24988458e8,1.27393779e8,1.25430288e8,1.25785802e8,1.25675403e8,1.25929008e8,1.25622043e8,1.25816325e8,1.25866614e8,1.25816956e8,1.2645755e8,1.25616405e8,1.25247285e8,1.27750304e8,1.2594016e8,1.2541089e8]}],["Trial",{"allocs":11,"gctimes":[0.0,0.0,0.0,0.0,0.0,0.0,0.0,0.0,0.0,0.0,0.0,0.0,0.0],"memory":3680,"params":["Parameters",{"gctrial":true,"time_tolerance":0.05,"evals_set":false,"samples":10000,"evals":1,"gcsample":false,"seconds":5.0,"overhead":0.0,"memory_tolerance":0.01}],"times":[3.90219326e8,3.97662333e8,3.87384295e8,3.85826032e8,3.86407429e8,3.89324701e8,3.86693895e8,3.88832086e8,3.87388946e8,3.88421214e8,3.87484154e8,3.8564492e8,3.91395439e8]}],["Trial",{"allocs":11,"gctimes":[0.0,0.0,0.0,0.0,0.0],"memory":3680,"params":["Parameters",{"gctrial":true,"time_tolerance":0.05,"evals_set":false,"samples":10000,"evals":1,"gcsample":false,"seconds":5.0,"overhead":0.0,"memory_tolerance":0.01}],"times":[1.227048513e9,1.231593066e9,1.223031664e9,1.217519241e9,1.206572475e9]}],["Trial",{"allocs":11,"gctimes":[0.0,0.0],"memory":3680,"params":["Parameters",{"gctrial":true,"time_tolerance":0.05,"evals_set":false,"samples":10000,"evals":1,"gcsample":false,"seconds":5.0,"overhead":0.0,"memory_tolerance":0.01}],"times":[3.871134599e9,3.886153583e9]}],["Trial",{"allocs":11,"gctimes":[0.0],"memory":3680,"params":["Parameters",{"gctrial":true,"time_tolerance":0.05,"evals_set":false,"samples":10000,"evals":1,"gcsample":false,"seconds":5.0,"overhead":0.0,"memory_tolerance":0.01}],"times":[1.2199152545e10]}],["Trial",{"allocs":11,"gctimes":[0.0],"memory":3680,"params":["Parameters",{"gctrial":true,"time_tolerance":0.05,"evals_set":false,"samples":10000,"evals":1,"gcsample":false,"seconds":5.0,"overhead":0.0,"memory_tolerance":0.01}],"times":[3.7772063833e10]}]],"medians":[43.5306965,125.646005,387.484154,1223.031664,3878.644091,12199.152545,37772.063833]}