{"lengs":[10.0,100.0,1000.0],"benchmarks":[["Trial",{"allocs":11,"gctimes":[0.0,0.0,0.0,0.0,0.0,0.0,0.0,0.0,0.0,0.0,0.0,0.0,0.0,0.0,0.0],"memory":8528,"params":["Parameters",{"gctrial":true,"time_tolerance":0.05,"evals_set":false,"samples":10000,"evals":1,"gcsample":false,"seconds":5.0,"overhead":0.0,"memory_tolerance":0.01}],"times":[3.34762775e8,3.43283178e8,3.36748606e8,3.43035963e8,3.384042e8,3.38069012e8,3.48232505e8,3.41393672e8,3.40385858e8,3.41047944e8,3.3746653e8,3.45111082e8,3.41642588e8,3.39205774e8,3.44919993e8]}],["Trial",{"allocs":11,"gctimes":[0.0,0.0],"memory":8528,"params":["Parameters",{"gctrial":true,"time_tolerance":0.05,"evals_set":false,"samples":10000,"evals":1,"gcsample":false,"seconds":5.0,"overhead":0.0,"memory_tolerance":0.01}],"times":[3.44057203e9,3.520155962e9]}],["Trial",{"allocs":11,"gctimes":[0.0],"memory":8528,"params":["Parameters",{"gctrial":true,"time_tolerance":0.05,"evals_set":false,"samples":10000,"evals":1,"gcsample":false,"seconds":5.0,"overhead":0.0,"memory_tolerance":0.01}],"times":[3.5860726671e10]}]],"medians":[341.047944,3480.363996,35860.726671]}