{"lengs":[10.0,21.544346900318832,46.4158883361278,100.0,215.44346900318845,464.15888336127773,1000.0],"benchmarks":[["Trial",{"allocs":14,"gctimes":[0.0,0.0,0.0,0.0,0.0,0.0,0.0,0.0,0.0,0.0,0.0,0.0,0.0,0.0,0.0,0.0,0.0,0.0,0.0,0.0,0.0,0.0,0.0,0.0,0.0,0.0,0.0,0.0,0.0,0.0,0.0,0.0,0.0,0.0,0.0,0.0,0.0,0.0,0.0,0.0,0.0,0.0,0.0,0.0,0.0,0.0,0.0,0.0,0.0,0.0,0.0,0.0,0.0,0.0,0.0,0.0,0.0,0.0,0.0,0.0,0.0,0.0,0.0,0.0,0.0,0.0,0.0,0.0,0.0,0.0,0.0,0.0,0.0,0.0,0.0,0.0,0.0,0.0,0.0,0.0,0.0,0.0,0.0,0.0,0.0,0.0,0.0,0.0,0.0,0.0,0.0,0.0,0.0,0.0,0.0,0.0,0.0,0.0,0.0,0.0,0.0,0.0,0.0,0.0,0.0,0.0,0.0,0.0,0.0,0.0,0.0,0.0,0.0,0.0,0.0,0.0,0.0],"memory":91808,"params":["Parameters",{"gctrial":true,"time_tolerance":0.05,"evals_set":false,"samples":10000,"evals":1,"gcsample":false,"seconds":5.0,"overhead":0.0,"memory_tolerance":0.01}],"times":[4.1063625e7,7.158539e7,4.6825753e7,3.7294513e7,4.0228463e7,3.6324038e7,4.3574361e7,4.4005019e7,3.4033383e7,4.3487197e7,4.610957e7,4.3605659e7,4.6326523e7,4.6312253e7,3.7774647e7,4.0058764e7,3.7863191e7,4.4493247e7,4.2734381e7,4.5902359e7,3.8157548e7,4.1964807e7,4.2751001e7,4.4334085e7,3.6159932e7,4.3913817e7,4.7591666e7,3.8122733e7,4.492072e7,4.430359e7,4.7863809e7,4.3593023e7,4.4787104e7,4.4603547e7,3.713454e7,4.093694e7,3.9395647e7,3.7868104e7,3.8866823e7,4.0737922e7,4.3413879e7,4.9863859e7,4.1659996e7,4.657585e7,3.7548495e7,4.1783267e7,4.1237138e7,3.8350674e7,5.0380316e7,3.7776943e7,3.3625129e7,4.4054364e7,3.9601782e7,3.9721465e7,4.0025293e7,4.3416626e7,4.6688665e7,4.3749279e7,4.4391001e7,4.5370852e7,4.0937093e7,3.3823333e7,3.8965219e7,4.1105203e7,4.2535468e7,4.1287807e7,4.2338628e7,4.3412904e7,4.3632191e7,4.255695e7,3.9321312e7,4.0038354e7,3.8320206e7,4.3289328e7,4.346082e7,3.9726544e7,3.7740718e7,4.3396545e7,3.7524956e7,4.8486794e7,3.9774039e7,4.0013352e7,4.3979022e7,4.0779224e7,4.5220306e7,4.571446e7,4.2453282e7,4.0296561e7,4.490648e7,3.9565582e7,4.3130039e7,3.6166317e7,4.2781174e7,4.2398957e7,4.316332e7,4.2030264e7,3.857589e7,3.8607316e7,4.2529148e7,3.7558413e7,4.276152e7,4.0922668e7,3.9129632e7,4.5120788e7,3.6414854e7,4.1260216e7,4.6545109e7,4.041905e7,3.8826447e7,3.6976407e7,3.9543995e7,4.4193493e7,4.0940231e7,3.9581586e7,3.850636e7,4.2810565e7,4.1234143e7]}],["Trial",{"allocs":14,"gctimes":[0.0,0.0,0.0,0.0,0.0,0.0,0.0,0.0,0.0,0.0,0.0,0.0,0.0,0.0,0.0,0.0,0.0,0.0,0.0,0.0,0.0,0.0,0.0,0.0,0.0,0.0,0.0,0.0,0.0,0.0,0.0,0.0,0.0,0.0,0.0,0.0,0.0,0.0,0.0,0.0,0.0,0.0,0.0,0.0,0.0],"memory":91808,"params":["Parameters",{"gctrial":true,"time_tolerance":0.05,"evals_set":false,"samples":10000,"evals":1,"gcsample":false,"seconds":5.0,"overhead":0.0,"memory_tolerance":0.01}],"times":[1.34293406e8,1.10162072e8,9.6891386e7,1.11126822e8,1.03725132e8,1.16433346e8,1.07067826e8,1.01183646e8,1.13630145e8,1.23914197e8,1.09641988e8,1.16741906e8,1.00513307e8,1.10122027e8,1.0061156e8,1.16428575e8,1.06531721e8,1.17928418e8,1.05704741e8,1.01849126e8,1.15741768e8,1.12062324e8,1.12994911e8,1.15889444e8,1.15909319e8,1.05801212e8,1.24116594e8,1.1380551e8,1.13171185e8,1.07347689e8,1.17358845e8,1.13089909e8,1.07917546e8,1.17511448e8,1.1492779e8,1.10177082e8,1.1131852e8,1.09586152e8,1.19485209e8,1.00253566e8,9.6521406e7,1.11375681e8,1.23043787e8,1.11477662e8,1.1410091e8]}],["Trial",{"allocs":14,"gctimes":[0.0,0.0,0.0,0.0,0.0,0.0,0.0,0.0,0.0,0.0,0.0,0.0,0.0,0.0,0.0,0.0,0.0],"memory":91808,"params":["Parameters",{"gctrial":true,"time_tolerance":0.05,"evals_set":false,"samples":10000,"evals":1,"gcsample":false,"seconds":5.0,"overhead":0.0,"memory_tolerance":0.01}],"times":[3.17566711e8,2.84905797e8,2.98885331e8,2.87218565e8,3.17296779e8,2.83543081e8,2.83449836e8,2.94563025e8,3.14548711e8,2.95095506e8,3.10293379e8,2.98365931e8,3.05705877e8,2.87096234e8,2.76426535e8,3.25415453e8,2.84211387e8]}],["Trial",{"allocs":14,"gctimes":[0.0,0.0,0.0,0.0,0.0,0.0,0.0],"memory":91808,"params":["Parameters",{"gctrial":true,"time_tolerance":0.05,"evals_set":false,"samples":10000,"evals":1,"gcsample":false,"seconds":5.0,"overhead":0.0,"memory_tolerance":0.01}],"times":[7.36005448e8,7.41640662e8,7.28810142e8,7.05672526e8,7.4787299e8,7.26094648e8,6.90655702e8]}],["Trial",{"allocs":14,"gctimes":[0.0,0.0,0.0,0.0],"memory":91808,"params":["Parameters",{"gctrial":true,"time_tolerance":0.05,"evals_set":false,"samples":10000,"evals":1,"gcsample":false,"seconds":5.0,"overhead":0.0,"memory_tolerance":0.01}],"times":[1.595042646e9,1.644645725e9,1.616712763e9,1.653880275e9]}],["Trial",{"allocs":14,"gctimes":[0.0,0.0],"memory":91808,"params":["Parameters",{"gctrial":true,"time_tolerance":0.05,"evals_set":false,"samples":10000,"evals":1,"gcsample":false,"seconds":5.0,"overhead":0.0,"memory_tolerance":0.01}],"times":[3.611315888e9,3.579792506e9]}],["Trial",{"allocs":14,"gctimes":[0.0],"memory":91808,"params":["Parameters",{"gctrial":true,"time_tolerance":0.05,"evals_set":false,"samples":10000,"evals":1,"gcsample":false,"seconds":5.0,"overhead":0.0,"memory_tolerance":0.01}],"times":[8.04777857e9]}]],"medians":[41.783267,111.477662,295.095506,728.810142,1630.679244,3595.554197,8047.77857]}