{"lengs":[10.0,31.622776601683793,100.0,316.22776601683796,1000.0,3162.2776601683795,10000.0],"benchmarks":[["Trial",{"allocs":11,"gctimes":[0.0,0.0,0.0,0.0,0.0,0.0,0.0,0.0,0.0,0.0,0.0,0.0,0.0,0.0,0.0,0.0,0.0,0.0,0.0,0.0,0.0,0.0,0.0,0.0,0.0,0.0,0.0,0.0,0.0,0.0,0.0,0.0,0.0,0.0,0.0,0.0,0.0,0.0,0.0,0.0,0.0,0.0,0.0,0.0,0.0,0.0,0.0,0.0,0.0,0.0,0.0,0.0,0.0,0.0,0.0,0.0,0.0,0.0,0.0,0.0,0.0,0.0,0.0,0.0,0.0,0.0,0.0,0.0,0.0,0.0,0.0,0.0,0.0,0.0,0.0,0.0,0.0,0.0,0.0,0.0,0.0,0.0,0.0,0.0,0.0,0.0,0.0,0.0,0.0,0.0,0.0,0.0,0.0,0.0,0.0,0.0,0.0,0.0,0.0,0.0,0.0,0.0,0.0,0.0,0.0,0.0,0.0,0.0,0.0,0.0,0.0,0.0,0.0,0.0,0.0,0.0,0.0,0.0,0.0,0.0],"memory":3680,"params":["Parameters",{"gctrial":true,"time_tolerance":0.05,"evals_set":false,"samples":10000,"evals":1,"gcsample":false,"seconds":5.0,"overhead":0.0,"memory_tolerance":0.01}],"times":[4.178603e7,4.2595105e7,4.1525347e7,4.1348964e7,4.1445519e7,4.2036955e7,4.15177e7,4.1408713e7,4.161585e7,4.2647737e7,4.1751877e7,4.1460191e7,4.1095706e7,4.1174726e7,4.1581022e7,4.0856074e7,4.2448857e7,4.2448611e7,4.1883512e7,4.1598263e7,4.2649753e7,4.2198878e7,4.3457744e7,4.1890305e7,4.2577941e7,4.2534209e7,4.2115977e7,4.2089304e7,4.1879302e7,4.2075279e7,4.1663942e7,4.1463495e7,4.2046319e7,4.3534202e7,4.1896955e7,4.218293e7,4.2747633e7,4.1852615e7,4.1475449e7,4.1422629e7,4.1204529e7,4.1212517e7,4.1585166e7,4.0984702e7,4.1355809e7,4.1394423e7,4.1392019e7,4.0989251e7,4.1470588e7,4.0991369e7,4.1316369e7,4.1981794e7,4.1061522e7,4.1433476e7,4.1572848e7,4.3764299e7,4.1426654e7,4.1246094e7,4.1132844e7,4.1278353e7,4.1327956e7,4.1635081e7,4.1313779e7,4.186006e7,4.0765073e7,4.1128913e7,4.1590902e7,4.1828963e7,4.1212888e7,4.1167209e7,4.173038e7,4.1298899e7,4.1086594e7,4.1717985e7,4.175727e7,4.1288072e7,4.1767957e7,4.1280737e7,4.1337085e7,4.1190751e7,4.1339462e7,4.2176698e7,4.18903e7,4.1350156e7,4.149748e7,4.1696514e7,4.1279672e7,4.1567975e7,4.1429856e7,4.1744422e7,4.1355099e7,4.1105895e7,4.1107382e7,4.1350192e7,4.1794556e7,4.1460134e7,4.1263702e7,4.0749723e7,4.1526947e7,4.1702898e7,4.1429156e7,4.1676863e7,4.1130079e7,4.1450264e7,4.1083737e7,4.1576413e7,4.1339032e7,4.1259047e7,4.1010763e7,4.1325081e7,4.1581003e7,4.1132239e7,4.1892715e7,4.1624925e7,4.0987702e7,4.166583e7,4.2364261e7,4.1290013e7,4.2202639e7,4.2110285e7]}],["Trial",{"allocs":11,"gctimes":[0.0,0.0,0.0,0.0,0.0,0.0,0.0,0.0,0.0,0.0,0.0,0.0,0.0,0.0,0.0,0.0,0.0,0.0,0.0,0.0,0.0,0.0,0.0,0.0,0.0,0.0,0.0,0.0,0.0,0.0,0.0,0.0,0.0,0.0,0.0,0.0,0.0,0.0,0.0,0.0,0.0],"memory":3680,"params":["Parameters",{"gctrial":true,"time_tolerance":0.05,"evals_set":false,"samples":10000,"evals":1,"gcsample":false,"seconds":5.0,"overhead":0.0,"memory_tolerance":0.01}],"times":[1.22425404e8,1.2223113e8,1.21489631e8,1.21564228e8,1.20023917e8,1.23064101e8,1.21363495e8,1.22140054e8,1.21374152e8,1.23060887e8,1.20113286e8,1.2363988e8,1.29508886e8,1.21874049e8,1.21444353e8,1.21314771e8,1.2185981e8,1.25545703e8,1.25737247e8,1.20689463e8,1.22076998e8,1.21696403e8,1.23141237e8,1.2147475e8,1.21347462e8,1.21237175e8,1.21062121e8,1.21262405e8,1.21210148e8,1.19556593e8,1.21020004e8,1.20707176e8,1.21232161e8,1.23014496e8,1.20363959e8,1.21352703e8,1.21320704e8,1.23288079e8,1.20956807e8,1.20767151e8,1.20666376e8]}],["Trial",{"allocs":11,"gctimes":[0.0,0.0,0.0,0.0,0.0,0.0,0.0,0.0,0.0,0.0,0.0,0.0,0.0,0.0],"memory":3680,"params":["Parameters",{"gctrial":true,"time_tolerance":0.05,"evals_set":false,"samples":10000,"evals":1,"gcsample":false,"seconds":5.0,"overhead":0.0,"memory_tolerance":0.01}],"times":[3.75913703e8,3.7600047e8,3.75683398e8,3.78038493e8,3.75844183e8,3.84482322e8,3.79410061e8,3.75599397e8,3.73506277e8,3.80845294e8,3.82958196e8,3.73525929e8,3.74536111e8,3.79974414e8]}],["Trial",{"allocs":11,"gctimes":[0.0,0.0,0.0,0.0,0.0],"memory":3680,"params":["Parameters",{"gctrial":true,"time_tolerance":0.05,"evals_set":false,"samples":10000,"evals":1,"gcsample":false,"seconds":5.0,"overhead":0.0,"memory_tolerance":0.01}],"times":[1.18275731e9,1.177980976e9,1.183640476e9,1.180186333e9,1.183984644e9]}],["Trial",{"allocs":11,"gctimes":[0.0,0.0],"memory":3680,"params":["Parameters",{"gctrial":true,"time_tolerance":0.05,"evals_set":false,"samples":10000,"evals":1,"gcsample":false,"seconds":5.0,"overhead":0.0,"memory_tolerance":0.01}],"times":[3.713105671e9,3.731238424e9]}],["Trial",{"allocs":11,"gctimes":[0.0],"memory":3680,"params":["Parameters",{"gctrial":true,"time_tolerance":0.05,"evals_set":false,"samples":10000,"evals":1,"gcsample":false,"seconds":5.0,"overhead":0.0,"memory_tolerance":0.01}],"times":[1.1785224856e10]}],["Trial",{"allocs":11,"gctimes":[0.0],"memory":3680,"params":["Parameters",{"gctrial":true,"time_tolerance":0.05,"evals_set":false,"samples":10000,"evals":1,"gcsample":false,"seconds":5.0,"overhead":0.0,"memory_tolerance":0.01}],"times":[3.7132306238e10]}]],"medians":[41.4864645,121.374152,375.9570865,1182.75731,3722.1720475,11785.224856,37132.306238]}