{"lengs":[10.0,100.0,1000.0],"benchmarks":[["Trial",{"allocs":11,"gctimes":[0.0,0.0,0.0,0.0,0.0,0.0,0.0,0.0,0.0,0.0,0.0,0.0,0.0,0.0,0.0,0.0,0.0,0.0,0.0],"memory":3680,"params":["Parameters",{"gctrial":true,"time_tolerance":0.05,"evals_set":false,"samples":10000,"evals":1,"gcsample":false,"seconds":5.0,"overhead":0.0,"memory_tolerance":0.01}],"times":[2.81081356e8,2.75639474e8,2.75538356e8,2.75123945e8,2.74037275e8,2.73603573e8,2.73107036e8,2.74530049e8,2.73744109e8,2.7837504e8,2.78467861e8,2.74061761e8,2.78232953e8,2.77723681e8,2.75434576e8,2.72438377e8,2.77005218e8,2.75137506e8,2.73908533e8]}],["Trial",{"allocs":11,"gctimes":[0.0,0.0],"memory":3680,"params":["Parameters",{"gctrial":true,"time_tolerance":0.05,"evals_set":false,"samples":10000,"evals":1,"gcsample":false,"seconds":5.0,"overhead":0.0,"memory_tolerance":0.01}],"times":[2.629134593e9,2.610992653e9]}],["Trial",{"allocs":11,"gctimes":[0.0],"memory":3680,"params":["Parameters",{"gctrial":true,"time_tolerance":0.05,"evals_set":false,"samples":10000,"evals":1,"gcsample":false,"seconds":5.0,"overhead":0.0,"memory_tolerance":0.01}],"times":[2.6487603297e10]}]],"medians":[275.137506,2620.063623,26487.603297]}