{"lengs":[10.0,21.544346900318832,46.4158883361278,100.0,215.44346900318845,464.15888336127773,1000.0],"benchmarks":[["Trial",{"allocs":14,"gctimes":[0.0,0.0,0.0,0.0,0.0,0.0,0.0,0.0,0.0,0.0,0.0,0.0,0.0,0.0,0.0,0.0,0.0,0.0,0.0,0.0,0.0,0.0,0.0,0.0,0.0,0.0,0.0,0.0,0.0,0.0,0.0,0.0,0.0,0.0,0.0,0.0,0.0,0.0,0.0,0.0,0.0,0.0,0.0,0.0,0.0,0.0,0.0,0.0,0.0,0.0,0.0,0.0,0.0,0.0,0.0,0.0,0.0,0.0,0.0,0.0,0.0,0.0,0.0,0.0,0.0,0.0,0.0,0.0,0.0,0.0,0.0,0.0,0.0,0.0,0.0,0.0,0.0,0.0,0.0,0.0,0.0,0.0,0.0,0.0,0.0,0.0,0.0,0.0,0.0,0.0,0.0,0.0,0.0,0.0,0.0,0.0,0.0,0.0,0.0,0.0,0.0,0.0,0.0,0.0,0.0,0.0,0.0,0.0,0.0,0.0,0.0,0.0,0.0],"memory":91808,"params":["Parameters",{"gctrial":true,"time_tolerance":0.05,"evals_set":false,"samples":10000,"evals":1,"gcsample":false,"seconds":5.0,"overhead":0.0,"memory_tolerance":0.01}],"times":[4.5858267e7,6.7575838e7,4.4127218e7,3.6647285e7,4.2625403e7,4.4317291e7,4.3895854e7,4.3142414e7,4.7996374e7,3.9853762e7,3.9062855e7,3.7870943e7,4.0779486e7,4.1669498e7,4.2212873e7,4.2733686e7,4.3558603e7,3.6975381e7,4.2155057e7,4.1941948e7,4.179824e7,4.249068e7,4.2487207e7,4.2934429e7,4.734285e7,4.3073893e7,4.5370755e7,4.0393984e7,4.3529019e7,4.9168992e7,3.7402341e7,3.7096876e7,3.9711966e7,4.9170971e7,3.978929e7,3.9018193e7,3.8067634e7,4.1014377e7,4.6331599e7,4.8687197e7,4.3412585e7,4.4781068e7,4.3841895e7,4.6925632e7,4.5004159e7,3.9014059e7,3.9055668e7,4.7405246e7,3.7848485e7,4.6071943e7,4.1630473e7,4.6454968e7,3.6312786e7,4.0550605e7,4.5400962e7,3.8126676e7,4.2205673e7,4.5134542e7,4.145464e7,3.9111422e7,4.669798e7,3.6473408e7,4.5318225e7,4.3352618e7,4.9551913e7,4.7153936e7,4.3702347e7,4.741039e7,4.5632261e7,4.2638384e7,3.7172205e7,4.3445056e7,4.2370481e7,4.0474065e7,4.3107504e7,4.8433415e7,4.2575693e7,4.0190277e7,4.5686583e7,4.3312393e7,4.5060394e7,4.0374212e7,4.1567004e7,3.7631254e7,4.8041126e7,4.7673537e7,4.0983855e7,5.0254248e7,4.5915064e7,4.0287921e7,4.9905531e7,4.31605e7,4.3233302e7,3.9050354e7,4.0736492e7,4.197326e7,4.3251918e7,4.7507437e7,4.0152333e7,4.8619651e7,4.6655768e7,4.2726708e7,4.3375192e7,4.7447297e7,4.4254949e7,4.6618256e7,4.6846224e7,3.9056111e7,4.577138e7,3.8754019e7,3.8295545e7,5.1091382e7,4.1417586e7]}],["Trial",{"allocs":14,"gctimes":[0.0,0.0,0.0,0.0,0.0,0.0,0.0,0.0,0.0,0.0,0.0,0.0,0.0,0.0,0.0,0.0,0.0,0.0,0.0,0.0,0.0,0.0,0.0,0.0,0.0,0.0,0.0,0.0,0.0,0.0,0.0,0.0,0.0,0.0,0.0,0.0,0.0,0.0,0.0,0.0,0.0,0.0,0.0],"memory":91808,"params":["Parameters",{"gctrial":true,"time_tolerance":0.05,"evals_set":false,"samples":10000,"evals":1,"gcsample":false,"seconds":5.0,"overhead":0.0,"memory_tolerance":0.01}],"times":[1.09647986e8,1.15492264e8,1.12717625e8,1.07408101e8,1.13685724e8,1.03644411e8,1.20736435e8,1.0627926e8,1.25949436e8,1.21742023e8,1.18017458e8,1.3827952e8,1.09010712e8,1.1174882e8,1.04275828e8,1.19196505e8,1.1902672e8,1.31451963e8,1.21779085e8,1.15600502e8,1.28628402e8,1.06753256e8,1.320671e8,1.25808248e8,1.04073502e8,1.16822508e8,1.20326098e8,1.25614064e8,1.16836742e8,1.18714014e8,1.25175182e8,1.04178787e8,1.22016313e8,1.14929898e8,1.11188206e8,1.17579228e8,1.08135059e8,1.0982806e8,1.09055388e8,1.20596686e8,1.05687e8,1.23431449e8,1.12824269e8]}],["Trial",{"allocs":14,"gctimes":[0.0,0.0,0.0,0.0,0.0,0.0,0.0,0.0,0.0,0.0,0.0,0.0,0.0,0.0,0.0,0.0,0.0],"memory":91808,"params":["Parameters",{"gctrial":true,"time_tolerance":0.05,"evals_set":false,"samples":10000,"evals":1,"gcsample":false,"seconds":5.0,"overhead":0.0,"memory_tolerance":0.01}],"times":[3.22863458e8,3.14296683e8,3.28670396e8,3.0086725e8,3.34959368e8,2.83195663e8,2.97918688e8,3.00132682e8,3.15193863e8,2.97057586e8,3.1234332e8,3.2144065e8,2.80127719e8,3.0777418e8,3.11577233e8,3.09562684e8,3.10758242e8]}],["Trial",{"allocs":14,"gctimes":[0.0,0.0,0.0,0.0,0.0,0.0,0.0],"memory":91808,"params":["Parameters",{"gctrial":true,"time_tolerance":0.05,"evals_set":false,"samples":10000,"evals":1,"gcsample":false,"seconds":5.0,"overhead":0.0,"memory_tolerance":0.01}],"times":[7.90586554e8,7.64057173e8,7.68879918e8,7.42870516e8,7.10433453e8,7.03041132e8,7.26395127e8]}],["Trial",{"allocs":14,"gctimes":[0.0,0.0,0.0],"memory":91808,"params":["Parameters",{"gctrial":true,"time_tolerance":0.05,"evals_set":false,"samples":10000,"evals":1,"gcsample":false,"seconds":5.0,"overhead":0.0,"memory_tolerance":0.01}],"times":[1.727335313e9,1.667698175e9,1.69586443e9]}],["Trial",{"allocs":14,"gctimes":[0.0,0.0],"memory":91808,"params":["Parameters",{"gctrial":true,"time_tolerance":0.05,"evals_set":false,"samples":10000,"evals":1,"gcsample":false,"seconds":5.0,"overhead":0.0,"memory_tolerance":0.01}],"times":[3.76984942e9,3.748769418e9]}],["Trial",{"allocs":14,"gctimes":[0.0],"memory":91808,"params":["Parameters",{"gctrial":true,"time_tolerance":0.05,"evals_set":false,"samples":10000,"evals":1,"gcsample":false,"seconds":5.0,"overhead":0.0,"memory_tolerance":0.01}],"times":[8.214982782e9]}]],"medians":[43.107504,116.822508,310.758242,742.870516,1695.86443,3759.309419,8214.982782]}