{"lengs":[10.0,21.544346900318832,46.4158883361278,100.0,215.44346900318845,464.15888336127773,1000.0],"benchmarks":[["Trial",{"allocs":11,"gctimes":[0.0,0.0,0.0,0.0,0.0,0.0,0.0,0.0,0.0,0.0,0.0,0.0,0.0,0.0,0.0],"memory":10832,"params":["Parameters",{"gctrial":true,"time_tolerance":0.05,"evals_set":false,"samples":10000,"evals":1,"gcsample":false,"seconds":5.0,"overhead":0.0,"memory_tolerance":0.01}],"times":[3.52134455e8,3.50377516e8,3.51195631e8,3.49176208e8,3.4871193e8,3.5277101e8,3.50331331e8,3.54536475e8,3.49945116e8,3.5487558e8,3.7108303e8,3.50879947e8,3.50337935e8,3.50073657e8,3.51240988e8]}],["Trial",{"allocs":11,"gctimes":[0.0,0.0,0.0,0.0,0.0,0.0,0.0],"memory":10832,"params":["Parameters",{"gctrial":true,"time_tolerance":0.05,"evals_set":false,"samples":10000,"evals":1,"gcsample":false,"seconds":5.0,"overhead":0.0,"memory_tolerance":0.01}],"times":[7.94890368e8,7.93854745e8,7.99646714e8,7.92143834e8,7.99114336e8,7.85501542e8,7.90940648e8]}],["Trial",{"allocs":11,"gctimes":[0.0,0.0,0.0,0.0],"memory":10832,"params":["Parameters",{"gctrial":true,"time_tolerance":0.05,"evals_set":false,"samples":10000,"evals":1,"gcsample":false,"seconds":5.0,"overhead":0.0,"memory_tolerance":0.01}],"times":[1.634026979e9,1.651732612e9,1.630149437e9,1.637086549e9]}],["Trial",{"allocs":11,"gctimes":[0.0,0.0],"memory":10832,"params":["Parameters",{"gctrial":true,"time_tolerance":0.05,"evals_set":false,"samples":10000,"evals":1,"gcsample":false,"seconds":5.0,"overhead":0.0,"memory_tolerance":0.01}],"times":[3.375874811e9,3.382982851e9]}],["Trial",{"allocs":11,"gctimes":[0.0],"memory":10832,"params":["Parameters",{"gctrial":true,"time_tolerance":0.05,"evals_set":false,"samples":10000,"evals":1,"gcsample":false,"seconds":5.0,"overhead":0.0,"memory_tolerance":0.01}],"times":[7.122595114e9]}],["Trial",{"allocs":11,"gctimes":[0.0],"memory":10832,"params":["Parameters",{"gctrial":true,"time_tolerance":0.05,"evals_set":false,"samples":10000,"evals":1,"gcsample":false,"seconds":5.0,"overhead":0.0,"memory_tolerance":0.01}],"times":[1.5291260531e10]}],["Trial",{"allocs":11,"gctimes":[0.0],"memory":10832,"params":["Parameters",{"gctrial":true,"time_tolerance":0.05,"evals_set":false,"samples":10000,"evals":1,"gcsample":false,"seconds":5.0,"overhead":0.0,"memory_tolerance":0.01}],"times":[3.2923931616e10]}]],"medians":[350.879947,793.854745,1635.556764,3379.428831,7122.595114,15291.260531,32923.931616]}