{"lengs":[10.0,100.0,1000.0],"benchmarks":[["Trial",{"allocs":11,"gctimes":[0.0,0.0,0.0,0.0,0.0,0.0,0.0,0.0,0.0,0.0,0.0,0.0,0.0,0.0,0.0,0.0,0.0,0.0,0.0,0.0,0.0,0.0,0.0,0.0,0.0,0.0,0.0,0.0,0.0,0.0,0.0,0.0,0.0,0.0,0.0,0.0,0.0,0.0,0.0,0.0,0.0,0.0,0.0,0.0,0.0,0.0,0.0,0.0,0.0,0.0,0.0,0.0,0.0,0.0,0.0,0.0,0.0,0.0,0.0,0.0,0.0,0.0,0.0,0.0,0.0,0.0,0.0,0.0,0.0,0.0,0.0,0.0,0.0,0.0,0.0,0.0,0.0,0.0,0.0,0.0,0.0,0.0,0.0,0.0,0.0,0.0,0.0,0.0,0.0,0.0],"memory":2144,"params":["Parameters",{"gctrial":true,"time_tolerance":0.05,"evals_set":false,"samples":10000,"evals":1,"gcsample":false,"seconds":5.0,"overhead":0.0,"memory_tolerance":0.01}],"times":[6.250427e7,5.4264286e7,5.3751913e7,5.4025189e7,5.3602402e7,5.3663169e7,5.4074378e7,6.1744887e7,6.1879045e7,5.4494694e7,5.4237763e7,6.1757308e7,5.6921989e7,5.6110525e7,5.535241e7,5.4109952e7,5.428592e7,5.4133275e7,5.4715294e7,5.4448088e7,5.3683199e7,5.4204479e7,5.4088446e7,5.7406721e7,5.3922124e7,5.4503213e7,5.3924548e7,5.3954821e7,5.4138561e7,5.6697922e7,5.3574078e7,5.3505789e7,5.447827e7,6.1378751e7,6.1693746e7,5.7712652e7,5.4053407e7,5.410553e7,5.378427e7,5.4207607e7,5.3558974e7,5.4340445e7,5.3581448e7,5.3621638e7,5.4339914e7,5.3727209e7,5.4136511e7,5.3630076e7,5.4496539e7,5.3741547e7,5.4200157e7,5.4390635e7,5.4172052e7,5.4005015e7,5.443029e7,5.3980399e7,5.4082374e7,5.4001094e7,5.6501668e7,5.3912742e7,5.3975261e7,5.4189824e7,5.4421627e7,5.4314206e7,5.4796236e7,6.1882489e7,6.189478e7,6.165522e7,6.151318e7,6.1823174e7,5.4686243e7,5.4556265e7,5.4426371e7,5.4802918e7,5.4474918e7,5.4362261e7,5.362233e7,5.3891836e7,5.3988629e7,5.8537176e7,5.4084404e7,5.3871147e7,5.3688467e7,5.3972472e7,5.3508738e7,5.3692956e7,5.4216329e7,5.3972543e7,5.4379316e7,5.5086453e7]}],["Trial",{"allocs":11,"gctimes":[0.0,0.0,0.0,0.0,0.0,0.0,0.0,0.0,0.0,0.0],"memory":2144,"params":["Parameters",{"gctrial":true,"time_tolerance":0.05,"evals_set":false,"samples":10000,"evals":1,"gcsample":false,"seconds":5.0,"overhead":0.0,"memory_tolerance":0.01}],"times":[5.26601107e8,5.29770957e8,5.29211935e8,5.32077331e8,5.33168261e8,5.31331238e8,5.3363964e8,5.29620473e8,5.28798195e8,5.27778169e8]}],["Trial",{"allocs":11,"gctimes":[0.0],"memory":2144,"params":["Parameters",{"gctrial":true,"time_tolerance":0.05,"evals_set":false,"samples":10000,"evals":1,"gcsample":false,"seconds":5.0,"overhead":0.0,"memory_tolerance":0.01}],"times":[5.274725908e9]}]],"medians":[54.206043,529.695715,5274.725908]}