{"lengs":[10.0,21.544346900318832,46.4158883361278,100.0,215.44346900318845,464.15888336127773,1000.0],"benchmarks":[["Trial",{"allocs":11,"gctimes":[0.0,0.0,0.0,0.0,0.0,0.0,0.0,0.0,0.0,0.0,0.0,0.0,0.0,0.0,0.0],"memory":10832,"params":["Parameters",{"gctrial":true,"time_tolerance":0.05,"evals_set":false,"samples":10000,"evals":1,"gcsample":false,"seconds":5.0,"overhead":0.0,"memory_tolerance":0.01}],"times":[3.41693337e8,3.42079629e8,3.40484176e8,3.40936873e8,3.41142331e8,3.41115183e8,3.39945457e8,3.40831309e8,3.42247286e8,3.37244517e8,3.38174211e8,3.38917339e8,3.39141193e8,3.39029019e8,3.42768166e8]}],["Trial",{"allocs":11,"gctimes":[0.0,0.0,0.0,0.0,0.0,0.0,0.0],"memory":10832,"params":["Parameters",{"gctrial":true,"time_tolerance":0.05,"evals_set":false,"samples":10000,"evals":1,"gcsample":false,"seconds":5.0,"overhead":0.0,"memory_tolerance":0.01}],"times":[7.5664832e8,7.53203549e8,7.51786772e8,7.45786026e8,7.4895485e8,7.47070707e8,7.51850895e8]}],["Trial",{"allocs":11,"gctimes":[0.0,0.0,0.0,0.0],"memory":10832,"params":["Parameters",{"gctrial":true,"time_tolerance":0.05,"evals_set":false,"samples":10000,"evals":1,"gcsample":false,"seconds":5.0,"overhead":0.0,"memory_tolerance":0.01}],"times":[1.526331931e9,1.519227404e9,1.526524656e9,1.527320507e9]}],["Trial",{"allocs":11,"gctimes":[0.0,0.0],"memory":10832,"params":["Parameters",{"gctrial":true,"time_tolerance":0.05,"evals_set":false,"samples":10000,"evals":1,"gcsample":false,"seconds":5.0,"overhead":0.0,"memory_tolerance":0.01}],"times":[3.18487721e9,3.208133309e9]}],["Trial",{"allocs":11,"gctimes":[0.0],"memory":10832,"params":["Parameters",{"gctrial":true,"time_tolerance":0.05,"evals_set":false,"samples":10000,"evals":1,"gcsample":false,"seconds":5.0,"overhead":0.0,"memory_tolerance":0.01}],"times":[6.535319877e9]}],["Trial",{"allocs":11,"gctimes":[0.0],"memory":10832,"params":["Parameters",{"gctrial":true,"time_tolerance":0.05,"evals_set":false,"samples":10000,"evals":1,"gcsample":false,"seconds":5.0,"overhead":0.0,"memory_tolerance":0.01}],"times":[1.4020090699e10]}],["Trial",{"allocs":11,"gctimes":[0.0],"memory":10832,"params":["Parameters",{"gctrial":true,"time_tolerance":0.05,"evals_set":false,"samples":10000,"evals":1,"gcsample":false,"seconds":5.0,"overhead":0.0,"memory_tolerance":0.01}],"times":[2.9286259195e10]}]],"medians":[340.831309,751.786772,1526.4282935,3196.5052595,6535.319877,14020.090699,29286.259195]}