{"lengs":[10.0,100.0,1000.0],"benchmarks":[["Trial",{"allocs":11,"gctimes":[0.0,0.0,0.0,0.0,0.0,0.0,0.0,0.0,0.0,0.0,0.0,0.0,0.0,0.0,0.0,0.0,0.0,0.0,0.0,0.0,0.0],"memory":3680,"params":["Parameters",{"gctrial":true,"time_tolerance":0.05,"evals_set":false,"samples":10000,"evals":1,"gcsample":false,"seconds":5.0,"overhead":0.0,"memory_tolerance":0.01}],"times":[2.44762618e8,2.43489333e8,2.44162804e8,2.44492302e8,2.4416492e8,2.42584693e8,2.42896496e8,2.41240759e8,2.42026441e8,2.43733791e8,2.43633623e8,2.41451788e8,2.3965295e8,2.43106252e8,2.38590418e8,2.44588791e8,2.42296806e8,2.44414767e8,2.42284727e8,2.42695547e8,2.42708301e8]}],["Trial",{"allocs":11,"gctimes":[0.0,0.0,0.0],"memory":3680,"params":["Parameters",{"gctrial":true,"time_tolerance":0.05,"evals_set":false,"samples":10000,"evals":1,"gcsample":false,"seconds":5.0,"overhead":0.0,"memory_tolerance":0.01}],"times":[2.133603712e9,2.092002617e9,2.105451187e9]}],["Trial",{"allocs":11,"gctimes":[0.0],"memory":3680,"params":["Parameters",{"gctrial":true,"time_tolerance":0.05,"evals_set":false,"samples":10000,"evals":1,"gcsample":false,"seconds":5.0,"overhead":0.0,"memory_tolerance":0.01}],"times":[2.0997192268e10]}]],"medians":[242.896496,2105.451187,20997.192268]}