{"lengs":[10.0,100.0,1000.0],"benchmarks":[["Trial",{"allocs":11,"gctimes":[0.0,0.0,0.0,0.0,0.0,0.0,0.0,0.0,0.0,0.0,0.0,0.0,0.0,0.0,0.0,0.0,0.0,0.0,0.0,0.0,0.0,0.0,0.0,0.0,0.0,0.0,0.0,0.0,0.0,0.0,0.0,0.0,0.0,0.0,0.0,0.0,0.0,0.0,0.0,0.0,0.0,0.0,0.0,0.0,0.0,0.0,0.0,0.0,0.0,0.0,0.0,0.0,0.0,0.0,0.0,0.0,0.0,0.0,0.0,0.0,0.0,0.0,0.0,0.0,0.0,0.0,0.0,0.0,0.0,0.0,0.0,0.0,0.0,0.0,0.0,0.0,0.0,0.0,0.0,0.0,0.0,0.0,0.0,0.0,0.0,0.0,0.0,0.0,0.0,0.0,0.0,0.0,0.0,0.0,0.0,0.0,0.0,0.0,0.0,0.0,0.0,0.0,0.0,0.0,0.0,0.0,0.0,0.0,0.0,0.0,0.0,0.0,0.0,0.0,0.0,0.0,0.0,0.0,0.0,0.0,0.0,0.0,0.0,0.0,0.0,0.0,0.0,0.0,0.0,0.0,0.0,0.0,0.0,0.0,0.0,0.0,0.0,0.0,0.0,0.0,0.0,0.0],"memory":2144,"params":["Parameters",{"gctrial":true,"time_tolerance":0.05,"evals_set":false,"samples":10000,"evals":1,"gcsample":false,"seconds":5.0,"overhead":0.0,"memory_tolerance":0.01}],"times":[4.1374343e7,3.5513449e7,3.483752e7,3.4575204e7,3.495954e7,3.45547e7,3.4568998e7,3.4852264e7,3.4973851e7,3.4828998e7,3.4781933e7,3.5031444e7,3.4917033e7,3.5396461e7,3.4707752e7,3.5004403e7,3.4935356e7,3.4768527e7,3.4816543e7,3.4485044e7,3.4933378e7,3.4650351e7,3.4801368e7,3.470177e7,3.4861904e7,3.5062604e7,3.4769111e7,3.5021599e7,3.4896859e7,3.4904573e7,3.4825117e7,3.4911046e7,3.4851511e7,3.5114862e7,3.4948443e7,3.5459051e7,3.4763746e7,3.4947219e7,3.515587e7,3.465855e7,3.4932716e7,3.4841919e7,3.4777988e7,3.4716378e7,3.5098687e7,3.4684092e7,3.4799731e7,3.6967346e7,3.4546943e7,3.543323e7,3.6916248e7,3.4640309e7,3.4901329e7,3.46914e7,3.477711e7,3.5216773e7,3.4821456e7,3.4753452e7,3.4731239e7,3.490181e7,3.4669075e7,3.4617239e7,3.4829388e7,3.4452448e7,3.4817825e7,3.4961319e7,3.4965288e7,3.4822942e7,3.4732859e7,3.4795207e7,3.4840096e7,3.4903408e7,3.5044121e7,3.4743185e7,3.4761612e7,3.4880278e7,3.4639494e7,3.4769301e7,3.4874434e7,3.4877733e7,3.4676325e7,3.4942627e7,3.4648796e7,3.469927e7,3.4775624e7,3.4865836e7,3.4940607e7,3.4794582e7,3.4699109e7,3.5274002e7,3.4998174e7,3.5002416e7,3.4430512e7,3.7379018e7,3.7071247e7,3.5093381e7,3.5241576e7,3.4667652e7,3.4841059e7,3.4782959e7,3.508026e7,3.711377e7,3.7105531e7,3.733362e7,3.4996448e7,3.4671917e7,3.4930922e7,3.4774774e7,3.4706622e7,3.5007619e7,3.4723277e7,3.4957601e7,3.4758903e7,3.4666403e7,3.478797e7,3.4526007e7,3.489879e7,3.4739205e7,3.5020735e7,3.5018192e7,3.5273215e7,3.5296519e7,3.4804423e7,3.4911087e7,3.4888583e7,3.5020468e7,3.4779117e7,3.4755266e7,3.4702102e7,3.4687391e7,3.5306196e7,3.7045638e7,3.7096447e7,3.6965629e7,3.4914194e7,3.4830657e7,3.5944491e7,3.4787815e7,3.4779154e7,3.718105e7,3.7001916e7,3.722273e7]}],["Trial",{"allocs":11,"gctimes":[0.0,0.0,0.0,0.0,0.0,0.0,0.0,0.0,0.0,0.0,0.0,0.0,0.0,0.0,0.0,0.0],"memory":2144,"params":["Parameters",{"gctrial":true,"time_tolerance":0.05,"evals_set":false,"samples":10000,"evals":1,"gcsample":false,"seconds":5.0,"overhead":0.0,"memory_tolerance":0.01}],"times":[3.36045855e8,3.31643081e8,3.30833292e8,3.3141447e8,3.30436814e8,3.31350708e8,3.30918706e8,3.3057312e8,3.31424577e8,3.3333863e8,3.31398904e8,3.32162957e8,3.30985255e8,3.29643718e8,3.31366116e8,3.30511063e8]}],["Trial",{"allocs":11,"gctimes":[0.0,0.0],"memory":2144,"params":["Parameters",{"gctrial":true,"time_tolerance":0.05,"evals_set":false,"samples":10000,"evals":1,"gcsample":false,"seconds":5.0,"overhead":0.0,"memory_tolerance":0.01}],"times":[3.305985518e9,3.303574876e9]}]],"medians":[34.857084,331.358412,3304.780197]}