{"lengs":[10.0,100.0,1000.0],"benchmarks":[["Trial",{"allocs":11,"gctimes":[0.0,0.0,0.0,0.0,0.0,0.0,0.0,0.0,0.0,0.0,0.0,0.0,0.0,0.0,0.0,0.0,0.0,0.0,0.0,0.0],"memory":8528,"params":["Parameters",{"gctrial":true,"time_tolerance":0.05,"evals_set":false,"samples":10000,"evals":1,"gcsample":false,"seconds":5.0,"overhead":0.0,"memory_tolerance":0.01}],"times":[2.59846768e8,2.59957955e8,2.59170652e8,2.64579805e8,2.61790586e8,2.61328661e8,2.60214424e8,2.62097945e8,2.59611376e8,2.57680207e8,2.60934284e8,2.60676401e8,2.58749429e8,2.60384339e8,2.59136025e8,2.59460397e8,2.59710166e8,2.66307063e8,2.58610068e8,2.5769871e8]}],["Trial",{"allocs":11,"gctimes":[0.0,0.0],"memory":8528,"params":["Parameters",{"gctrial":true,"time_tolerance":0.05,"evals_set":false,"samples":10000,"evals":1,"gcsample":false,"seconds":5.0,"overhead":0.0,"memory_tolerance":0.01}],"times":[2.658452211e9,2.680833116e9]}],["Trial",{"allocs":11,"gctimes":[0.0],"memory":8528,"params":["Parameters",{"gctrial":true,"time_tolerance":0.05,"evals_set":false,"samples":10000,"evals":1,"gcsample":false,"seconds":5.0,"overhead":0.0,"memory_tolerance":0.01}],"times":[2.6609276643e10]}]],"medians":[259.9023615,2669.6426635,26609.276643]}