{"lengs":[10.0,31.622776601683793,100.0,316.22776601683796,1000.0,3162.2776601683795,10000.0],"benchmarks":[["Trial",{"allocs":11,"gctimes":[0.0,0.0,0.0,0.0,0.0,0.0,0.0,0.0,0.0,0.0,0.0,0.0,0.0,0.0,0.0,0.0,0.0,0.0,0.0,0.0,0.0,0.0,0.0,0.0,0.0,0.0,0.0,0.0,0.0,0.0,0.0,0.0,0.0,0.0,0.0],"memory":3680,"params":["Parameters",{"gctrial":true,"time_tolerance":0.05,"evals_set":false,"samples":10000,"evals":1,"gcsample":false,"seconds":5.0,"overhead":0.0,"memory_tolerance":0.01}],"times":[1.47289342e8,1.4506098e8,1.44491577e8,1.44496979e8,1.42787026e8,1.43926586e8,1.43744361e8,1.44802881e8,1.4393902e8,1.43641067e8,1.44798384e8,1.4432012e8,1.4634483e8,1.44338253e8,1.43450799e8,1.43945112e8,1.44366858e8,1.46363469e8,1.42736916e8,1.43649179e8,1.46729969e8,1.43064287e8,1.45018723e8,1.43488404e8,1.44732612e8,1.42919892e8,1.4473242e8,1.44327322e8,1.4607636e8,1.4471031e8,1.43091949e8,1.42668751e8,1.44055276e8,1.445906e8,1.43719433e8]}],["Trial",{"allocs":11,"gctimes":[0.0,0.0,0.0,0.0,0.0,0.0,0.0,0.0,0.0,0.0,0.0,0.0],"memory":3680,"params":["Parameters",{"gctrial":true,"time_tolerance":0.05,"evals_set":false,"samples":10000,"evals":1,"gcsample":false,"seconds":5.0,"overhead":0.0,"memory_tolerance":0.01}],"times":[4.20835046e8,4.14998059e8,4.17293954e8,4.17223537e8,4.20629809e8,4.17013252e8,4.16208482e8,4.20451622e8,4.18684617e8,4.19888742e8,4.17634845e8,4.16960834e8]}],["Trial",{"allocs":11,"gctimes":[0.0,0.0,0.0,0.0],"memory":3680,"params":["Parameters",{"gctrial":true,"time_tolerance":0.05,"evals_set":false,"samples":10000,"evals":1,"gcsample":false,"seconds":5.0,"overhead":0.0,"memory_tolerance":0.01}],"times":[1.280508375e9,1.275137207e9,1.282833195e9,1.275863215e9]}],["Trial",{"allocs":11,"gctimes":[0.0,0.0],"memory":3680,"params":["Parameters",{"gctrial":true,"time_tolerance":0.05,"evals_set":false,"samples":10000,"evals":1,"gcsample":false,"seconds":5.0,"overhead":0.0,"memory_tolerance":0.01}],"times":[3.994893316e9,3.989699425e9]}],["Trial",{"allocs":11,"gctimes":[0.0],"memory":3680,"params":["Parameters",{"gctrial":true,"time_tolerance":0.05,"evals_set":false,"samples":10000,"evals":1,"gcsample":false,"seconds":5.0,"overhead":0.0,"memory_tolerance":0.01}],"times":[1.259004633e10]}],["Trial",{"allocs":11,"gctimes":[0.0],"memory":3680,"params":["Parameters",{"gctrial":true,"time_tolerance":0.05,"evals_set":false,"samples":10000,"evals":1,"gcsample":false,"seconds":5.0,"overhead":0.0,"memory_tolerance":0.01}],"times":[3.9175540885e10]}],["Trial",{"allocs":11,"gctimes":[0.0],"memory":3680,"params":["Parameters",{"gctrial":true,"time_tolerance":0.05,"evals_set":false,"samples":10000,"evals":1,"gcsample":false,"seconds":5.0,"overhead":0.0,"memory_tolerance":0.01}],"times":[1.23757489901e11]}]],"medians":[144.327322,417.4643995,1278.185795,3992.2963705,12590.04633,39175.540885,123757.489901]}