{"lengs":[10.0,100.0,1000.0],"benchmarks":[["Trial",{"allocs":11,"gctimes":[0.0,0.0,0.0,0.0,0.0,0.0,0.0,0.0,0.0,0.0,0.0,0.0,0.0,0.0,0.0,0.0,0.0,0.0,0.0,0.0,0.0,0.0,0.0,0.0,0.0,0.0,0.0,0.0,0.0,0.0,0.0,0.0,0.0,0.0,0.0,0.0,0.0,0.0,0.0,0.0,0.0,0.0,0.0,0.0,0.0,0.0,0.0,0.0,0.0,0.0,0.0,0.0,0.0,0.0,0.0,0.0,0.0,0.0,0.0,0.0,0.0,0.0,0.0,0.0,0.0,0.0,0.0,0.0,0.0,0.0,0.0,0.0,0.0,0.0,0.0,0.0,0.0,0.0,0.0,0.0,0.0,0.0,0.0,0.0,0.0,0.0,0.0,0.0,0.0,0.0,0.0,0.0,0.0,0.0,0.0,0.0,0.0,0.0,0.0,0.0,0.0,0.0],"memory":3680,"params":["Parameters",{"gctrial":true,"time_tolerance":0.05,"evals_set":false,"samples":10000,"evals":1,"gcsample":false,"seconds":5.0,"overhead":0.0,"memory_tolerance":0.01}],"times":[4.9022852e7,5.1332314e7,5.0051161e7,4.9118095e7,4.8706816e7,4.8542943e7,4.8960971e7,4.8625425e7,4.8541307e7,4.8683928e7,4.8722889e7,4.8867567e7,4.9580526e7,4.8918604e7,4.9381135e7,4.9125461e7,4.8878162e7,4.925454e7,4.8496621e7,4.9205791e7,4.9036628e7,4.8465549e7,4.8355165e7,4.9234248e7,4.885082e7,4.8505489e7,4.8109526e7,4.8463297e7,4.8642598e7,4.9233434e7,4.8986569e7,4.934884e7,4.8841833e7,4.9638071e7,4.9115694e7,4.9001003e7,4.9085493e7,4.88254e7,4.8825568e7,4.9114119e7,4.8839957e7,4.8639502e7,4.8648255e7,4.9077513e7,4.8914073e7,4.8102279e7,4.9276606e7,4.8797504e7,4.9717686e7,4.8483208e7,4.8506216e7,4.9186999e7,4.9748788e7,4.8780627e7,4.8496085e7,4.8597388e7,5.1863444e7,4.8124653e7,4.9113558e7,4.9122526e7,4.9419834e7,4.8075454e7,4.8661453e7,4.8871961e7,4.9144776e7,4.8574475e7,4.8227858e7,4.9767674e7,4.8775327e7,4.9063941e7,4.830956e7,4.8569103e7,4.8782037e7,4.9429804e7,4.905091e7,4.9126734e7,4.8814169e7,4.9301909e7,4.9560414e7,4.9541505e7,4.9156755e7,4.9422668e7,4.9445739e7,4.9546706e7,4.9765512e7,4.9274483e7,4.926915e7,4.9151035e7,4.9873263e7,4.9661351e7,4.8455463e7,4.8369422e7,4.9083658e7,4.8556343e7,4.9144015e7,4.90012e7,4.9158507e7,4.8891075e7,4.9045554e7,4.881227e7,4.8486486e7,4.9188386e7]}],["Trial",{"allocs":11,"gctimes":[0.0,0.0,0.0,0.0,0.0,0.0,0.0,0.0,0.0,0.0],"memory":3680,"params":["Parameters",{"gctrial":true,"time_tolerance":0.05,"evals_set":false,"samples":10000,"evals":1,"gcsample":false,"seconds":5.0,"overhead":0.0,"memory_tolerance":0.01}],"times":[5.04118061e8,5.00344615e8,5.02880002e8,5.01330467e8,5.1656525e8,5.06105704e8,5.03558545e8,4.96905481e8,5.01579786e8,5.05337845e8]}],["Trial",{"allocs":11,"gctimes":[0.0],"memory":3680,"params":["Parameters",{"gctrial":true,"time_tolerance":0.05,"evals_set":false,"samples":10000,"evals":1,"gcsample":false,"seconds":5.0,"overhead":0.0,"memory_tolerance":0.01}],"times":[5.073735687e9]}]],"medians":[49.0011015,503.2192735,5073.735687]}